ID,Label
35746,99.1176
35747,127.0606
35748,140.9427
35749,66.5204
35750,51.252
35751,40.5383
35752,31.1988
35753,33.6899
35754,23.9022
35755,28.2824
35756,37.9603
35757,43.3143
35758,36.465
35759,32.5982
35760,31.0531
35761,35.2553
35762,51.9912
35763,49.379
35764,102.0177
35765,110.4007
35766,162.87
35767,142.999
35768,117.056
35769,145.87
35770,161.816
35771,135.5303
35772,146.813
35773,169.097
35774,163.0083
35775,145.6653
35776,99.3518
35777,114.0436
35778,109.3635
35779,85.1076
35780,69.5592
35781,77.6536
35782,67.0933
35783,56.5883
35784,58.1259
35785,58.8004
35786,94.3429
35787,103.6084
35788,104.7963
35789,69.9182
35790,60.0904
35791,54.8104
35792,87.7848
35793,57.5154
35794,27.2803
35795,24.1
35796,18.838
35797,15.9546
35798,14.2598
35799,15.838
35800,14.3438
35801,11.4912
35802,13.9667
35803,15.8873
35804,17.7765
35805,21.2365
35806,22.8014
35807,24.3368
35808,40.6051
35809,35.7332
35810,35.8757
35811,39.3569
35812,32.5961
35813,36.1395
35814,35.52
35815,89.9942
35816,96.5415
35817,82.8471
35818,61.8277
35819,69.0203
35820,55.117
35821,50.9739
35822,46.15
35823,43.0239
35824,57.7489
35825,57.8243
35826,43.3417
35827,32.6573
35828,31.4865
35829,28.1735
35830,22.4374
35831,18.8418
35832,17.9217
35833,16.5415
35834,16.6436
35835,17.3665
35836,20.034
35837,22.1462
35838,22.29
35839,45.5817
35840,45.2096
35841,39.1727
35842,81.0064
35843,66.7163
35844,72.1654
35845,85.0117
35846,86.1538
35847,87.565
35848,89.4825
35849,77.8375
35850,78.5047
35851,48.2044
35852,37.0651
35853,46.0284
35854,32.6652
35855,38.2615
35856,36.6353
35857,37.7428
35858,37.7343
35859,41.8242
35860,48.3013
35861,39.1836
35862,39.5369
35863,76.8626
35864,66.5981
35865,72.4193
35866,16.546
35867,13.9508
35868,11.8615
35869,9.679
35870,8.9441
35871,8.8251
35872,11.0819
35873,13.6516
35874,16.5417
35875,17.1759
35876,18.172
35877,20.8849
35878,18.0569
35879,18.4226
35880,13.4092
35881,15.9778
35882,14.6417
35883,13.7967
35884,16.3352
35885,20.64
35886,21.9855
35887,24.6588
35888,26.5755
35889,21.945
35890,77.4208
35891,122.7367
35892,114.5844
35893,94.3374
35894,128.0246
35895,96.629
35896,103.296
35897,106.5093
35898,94.3792
35899,51.2505
35900,67.7855
35901,48.5756
35902,51.2296
35903,46.0209
35904,45.7316
35905,38.6761
35906,53.169
35907,53.2783
35908,51.9798
35909,61.6823
35910,63.2295
35911,69.6939
35912,91.2891
35913,107.0847
35914,221.3071
35915,236.6471
35916,235.1863
35917,225.3933
35918,233.346
35919,234.5104
35920,215.1713
35921,209.7229
35922,209.5977
35923,229.096
35924,251.5004
35925,272.2368
35926,244.5072
35927,240.3575
35928,220.5176
35929,170.2641
35930,155.4098
35931,147.0213
35932,146.4615
35933,131.1135
35934,130.0098
35935,106.3439
35936,91.3679
35937,94.2794
35938,157.2747
35939,154.0766
35940,147.5321
35941,138.3606
35942,162.8058
35943,159.33
35944,150.0568
35945,151.5827
35946,158.8419
35947,154.0118
35948,168.5294
35949,161.2245
35950,167.0071
35951,172.8473
35952,170.6693
35953,159.2977
35954,190.0586
35955,191.8975
35956,187.9309
35957,192.508
35958,206.7052
35959,207.9159
35960,196.7331
35961,182.732
35962,154.8933
35963,153.1564
35964,166.3589
35965,167.2552
35966,165.3486
35967,155.5214
35968,146.4545
35969,147.5918
35970,158.6897
35971,118.9801
35972,123.9038
35973,137.8597
35974,146.1803
35975,144.8783
35976,155.3215
35977,145.2545
35978,164.2448
35979,152.1409
35980,185.1604
35981,199.9582
35982,209.3712
35983,218.0481
35984,203.2177
35985,205.2039
35986,96.2733
35987,81.7474
35988,82.4501
35989,79.5556
35990,113.6393
35991,114.2864
35992,109.0821
35993,119.7842
35994,117.3577
35995,115.4744
35996,109.963
35997,144.4107
35998,151.8965
35999,158.3544
36000,183.0772
36001,188.8177
36002,167.7046
36003,169.8537
36004,181.2306
36005,186.6823
36006,168.8936
36007,185.9948
36008,191.1719
36009,191.1473
36010,115.5991
36011,99.0942
36012,90.7619
36013,86.5738
36014,88.8526
36015,98.7029
36016,95.1128
36017,32.0535
36018,21.1612
36019,23.4871
36020,20.0218
36021,16.2828
36022,14.4215
36023,13.691
36024,13.5084
36025,15.5499
36026,20.0003
36027,17.0375
36028,29.5944
36029,38.6989
36030,54.6777
36031,56.556
36032,58.7951
36033,87.506
36034,26.3058
36035,25.365
36036,22.1955
36037,21.2482
36038,18.1461
36039,18.1282
36040,18.4606
36041,18.2515
36042,17.9753
36043,17.7556
36044,17.3231
36045,19.4837
36046,20.0546
36047,19.7258
36048,19.5548
36049,17.9367
36050,16.7994
36051,18.1671
36052,19.0533
36053,20.4002
36054,42.4305
36055,44.5863
36056,113.2006
36057,113.1137
36058,108.8009
36059,104.9038
36060,106.1737
36061,101.3359
36062,96.0653
36063,102.8066
36064,107.7764
36065,118.5727
36066,122.8784
36067,122.5108
36068,128.551
36069,124.0654
36070,115.7367
36071,109.8075
36072,109.3665
36073,106.0043
36074,100.7687
36075,100.9955
36076,110.4517
36077,121.0564
36078,127.8828
36079,132.1577
36080,85.1832
36081,86.1374
36082,85.7835
36083,94.0083
36084,105.7323
36085,107.0522
36086,111.2436
36087,113.6701
36088,113.2425
36089,108.0489
36090,108.6567
36091,108.4342
36092,118.0351
36093,103.2898
36094,100.7631
36095,96.2688
36096,121.4052
36097,111.0121
36098,112.103
36099,120.5851
36100,107.5887
36101,109.6574
36102,111.787
36103,126.5368
36104,64.5905
36105,63.3506
36106,58.5158
36107,55.0933
36108,55.9599
36109,51.0114
36110,46.4923
36111,43.8012
36112,40.0815
36113,35.6802
36114,38.4798
36115,39.448
36116,34.0462
36117,58.7797
36118,58.3131
36119,47.9351
36120,70.4323
36121,73.174
36122,71.3424
36123,78.0136
36124,77.394
36125,76.3571
36126,66.4821
36127,63.3433
36128,37.8925
36129,67.2637
36130,70.124
36131,58.7784
36132,57.3634
36133,54.026
36134,48.4071
36135,48.4911
36136,47.554
36137,49.5561
36138,43.4529
36139,41.4596
36140,38.4172
36141,33.3966
36142,32.2152
36143,31.895
36144,32.5556
36145,31.937
36146,33.6119
36147,42.9578
36148,42.1457
36149,42.1012
36150,38.3442
36151,39.5245
36152,38.5432
36153,40.5561
36154,38.5511
36155,61.9632
36156,63.8108
36157,54.0415
36158,55.8827
36159,46.2032
36160,44.0026
36161,45.8763
36162,50.0594
36163,52.5134
36164,63.5501
36165,65.211
36166,102.8119
36167,101.8252
36168,94.4123
36169,86.9456
36170,85.1016
36171,59.9986
36172,69.4427
36173,74.2418
36174,75.2807
36175,72.4908
36176,61.5789
36177,58.7304
36178,65.5447
36179,60.0756
36180,61.0411
36181,57.1218
36182,58.1117
36183,57.2953
36184,77.4892
36185,82.1841
36186,95.9165
36187,73.4108
36188,78.2012
36189,63.821
36190,61.9918
36191,64.9404
36192,63.1568
36193,68.6556
36194,70.0975
36195,67.082
36196,56.3676
36197,55.698
36198,60.3913
36199,64.418
36200,65.2644
36201,75.5397
36202,83.4785
36203,83.5406
36204,72.8103
36205,76.5804
36206,91.8984
36207,85.7561
36208,74.1208
36209,76.6331
36210,86.8234
36211,84.3008
36212,63.6809
36213,62.2911
36214,54.3821
36215,45.7405
36216,43.2728
36217,43.2273
36218,40.7178
36219,43.9948
36220,46.356
36221,52.4415
36222,56.4151
36223,62.8146
36224,108.7572
36225,84.385
36226,92.7277
36227,106.3655
36228,103.9346
36229,97.896
36230,102.1953
36231,106.5023
36232,112.3709
36233,111.0547
36234,101.3269
36235,110.2919
36236,111.3404
36237,110.7615
36238,108.6175
36239,93.6174
36240,84.5977
36241,78.0286
36242,67.5081
36243,106.202
36244,107.7745
36245,108.7747
36246,97.534
36247,89.5461
36248,89.1741
36249,90.3147
36250,87.9942
36251,109.1844
36252,92.5299
36253,84.41
36254,86.1674
36255,86.0891
36256,72.7138
36257,68.6535
36258,74.0025
36259,66.1856
36260,71.8954
36261,62.4974
36262,58.5485
36263,77.3028
36264,81.159
36265,78.2658
36266,88.9293
36267,78.7791
36268,84.8881
36269,80.0359
36270,81.9318
36271,82.1728
36272,80.8567
36273,67.0702
36274,58.4036
36275,44.2452
36276,56.6206
36277,53.3105
36278,53.3337
36279,55.2405
36280,51.4372
36281,69.2738
36282,77.3866
36283,74.7386
36284,73.7024
36285,76.7932
36286,82.8869
36287,79.2841
36288,77.8078
36289,78.3484
36290,76.5111
36291,61.5578
36292,88.866
36293,91.5363
36294,91.0818
36295,82.5295
36296,75.901
36297,68.305
36298,65.2901
36299,89.3363
36300,81.6239
36301,59.6197
36302,62.2773
36303,58.2161
36304,53.0691
36305,69.3186
36306,66.1584
36307,79.3825
36308,64.136
36309,69.2637
36310,79.9204
36311,82.5397
36312,85.3142
36313,80.8318
36314,72.0861
36315,85.4552
36316,93.0886
36317,101.0793
36318,101.7843
36319,95.0532
36320,86.6758
36321,102.0201
36322,91.13
36323,95.8176
36324,73.5237
36325,77.3663
36326,78.8557
36327,69.936
36328,70.8025
36329,65.3466
36330,68.9476
36331,66.44
36332,37.7062
36333,43.4011
36334,62.0
36335,58.5197
36336,79.889
36337,94.1303
36338,86.6613
36339,121.9355
36340,124.7805
36341,144.0824
36342,155.2815
36343,159.1596
36344,160.4556
36345,156.0006
36346,151.9648
36347,149.8602
36348,116.7743
36349,91.4109
36350,81.6713
36351,89.3823
36352,84.3466
36353,77.7256
36354,72.895
36355,68.2956
36356,61.0006
36357,72.6224
36358,76.6846
36359,65.0182
36360,85.7928
36361,78.2889
36362,67.5672
36363,77.4803
36364,85.1915
36365,85.8894
36366,85.8306
36367,90.3588
36368,83.5218
36369,88.8972
36370,91.303
36371,71.6011
36372,63.1672
36373,48.385
36374,35.8904
36375,37.6933
36376,35.5887
36377,22.1548
36378,23.281
36379,26.3901
36380,16.508
36381,21.3254
36382,32.3738
36383,38.8373
36384,52.1377
36385,68.734
36386,70.1385
36387,140.6958
36388,144.8719
36389,146.7901
36390,145.878
36391,146.5369
36392,122.3887
36393,117.4643
36394,114.391
36395,116.0996
36396,129.1578
36397,137.067
36398,140.2543
36399,133.9754
36400,115.8391
36401,106.601
36402,128.268
36403,121.8774
36404,127.1245
36405,128.2779
36406,126.9619
36407,124.6647
36408,123.1891
36409,134.0615
36410,125.3068
36411,135.6893
36412,136.6014
36413,139.2599
36414,138.5181
36415,137.7814
36416,135.7427
36417,139.2323
36418,151.8582
36419,165.8741
36420,169.962
36421,184.3221
36422,174.9472
36423,169.964
36424,182.3076
36425,185.3628
36426,137.64
36427,155.6063
36428,131.3414
36429,164.4253
36430,148.4872
36431,159.9591
36432,158.7712
36433,162.9562
36434,164.5018
36435,183.3557
36436,183.9987
36437,186.5807
36438,194.1239
36439,194.6658
36440,203.3277
36441,207.7992
36442,208.3557
36443,215.2364
36444,204.2097
36445,227.2198
36446,235.5195
36447,238.1039
36448,255.0819
36449,247.0461
36450,246.2843
36451,243.0271
36452,233.6747
36453,234.4895
36454,255.9934
36455,251.9947
36456,230.9291
36457,235.723
36458,240.7422
36459,112.3869
36460,102.8885
36461,98.9434
36462,94.1614
36463,84.2286
36464,70.8098
36465,63.4366
36466,63.942
36467,61.6931
36468,27.3336
36469,21.3955
36470,15.6188
36471,19.0146
36472,18.9913
36473,17.9716
36474,17.9887
36475,16.6946
36476,15.6664
36477,13.9303
36478,13.8314
36479,6.9955
36480,7.4204
36481,5.3689
36482,5.1844
36483,83.5109
36484,93.9658
36485,91.1573
36486,91.8928
36487,92.77
36488,94.1712
36489,88.6338
36490,108.8279
36491,135.5171
36492,127.5065
36493,100.1802
36494,117.1081
36495,130.1691
36496,110.1021
36497,103.0678
36498,108.489
36499,135.6117
36500,107.1314
36501,133.4095
36502,144.021
36503,141.4579
36504,140.3284
36505,152.9971
36506,147.864
36507,63.5069
36508,77.9311
36509,82.8196
36510,78.4234
36511,99.6519
36512,89.9901
36513,80.4716
36514,77.8661
36515,86.9032
36516,74.2932
36517,73.2865
36518,79.2222
36519,70.9383
36520,102.9962
36521,111.1809
36522,132.1885
36523,106.2754
36524,121.7572
36525,122.1813
36526,152.5894
36527,138.8092
36528,138.8281
36529,134.0338
36530,134.4898
36531,113.4579
36532,105.0708
36533,110.5718
36534,92.4546
36535,85.8266
36536,74.2995
36537,67.394
36538,62.3506
36539,56.0257
36540,60.2293
36541,52.3788
36542,59.6489
36543,58.1859
36544,73.797
36545,50.9786
36546,48.133
36547,67.0214
36548,74.2197
36549,74.4343
36550,101.2887
36551,67.5514
36552,51.5093
36553,53.7237
36554,54.0055
36555,99.9533
36556,101.5911
36557,104.2944
36558,98.0294
36559,92.0324
36560,84.2793
36561,74.264
36562,94.4596
36563,79.6544
36564,80.9231
36565,74.805
36566,68.3679
36567,63.098
36568,81.815
36569,85.8879
36570,80.2
36571,85.8137
36572,95.6613
36573,94.2346
36574,129.1974
36575,129.1904
36576,127.2582
36577,118.0542
36578,132.324
36579,105.3662
36580,103.9683
36581,94.5327
36582,84.0484
36583,82.7865
36584,81.4582
36585,91.3762
36586,91.0242
36587,96.2272
36588,102.1071
36589,107.1613
36590,105.1225
36591,107.2121
36592,113.0408
36593,117.4553
36594,108.1175
36595,106.3383
36596,103.5082
36597,105.2885
36598,111.8654
36599,109.6255
36600,114.7131
36601,115.3343
36602,113.308
36603,236.0594
36604,252.1938
36605,227.766
36606,249.2568
36607,247.3033
36608,241.2441
36609,248.999
36610,237.6368
36611,254.1679
36612,253.0071
36613,238.6779
36614,237.5245
36615,232.3991
36616,225.6795
36617,214.4295
36618,208.9637
36619,197.3363
36620,153.9969
36621,144.9217
36622,164.505
36623,167.2775
36624,150.6097
36625,140.2505
36626,116.5304
36627,193.551
36628,207.5204
36629,224.7223
36630,337.3132
36631,316.6441
36632,318.4412
36633,289.2493
36634,277.7568
36635,272.7951
36636,272.7755
36637,263.9042
36638,301.1808
36639,277.2043
36640,307.0033
36641,248.1808
36642,232.3796
36643,250.9513
36644,257.2634
36645,241.2516
36646,225.0278
36647,235.232
36648,321.3664
36649,332.0414
36650,324.3503
36651,364.8911
36652,363.9427
36653,357.3529
36654,115.4146
36655,97.3705
36656,34.4436
36657,60.2359
36658,42.8913
36659,36.3872
36660,42.0923
36661,48.1977
36662,22.9783
36663,18.4891
36664,15.5964
36665,14.3932
36666,14.2802
36667,14.5721
36668,12.985
36669,12.4939
36670,12.6906
36671,10.6518
36672,11.9407
36673,13.8045
36674,22.8826
36675,24.38
36676,25.2087
36677,16.1023
36678,133.5261
36679,139.3037
36680,138.8466
36681,150.7654
36682,150.1318
36683,157.9815
36684,152.2259
36685,146.9277
36686,126.1827
36687,127.5593
36688,130.3594
36689,134.6665
36690,139.4141
36691,137.9727
36692,155.8182
36693,157.7191
36694,146.787
36695,144.8571
36696,144.113
36697,158.7411
36698,203.6641
36699,174.8753
36700,174.4284
36701,176.1577
36702,103.1157
36703,98.6467
36704,98.0701
36705,95.449
36706,90.2388
36707,78.6536
36708,83.466
36709,75.7185
36710,75.6538
36711,62.1765
36712,66.7935
36713,69.0939
36714,62.0907
36715,59.4976
36716,58.4612
36717,54.6136
36718,53.3674
36719,62.3772
36720,64.7802
36721,63.5142
36722,63.4708
36723,64.0853
36724,83.2281
36725,101.2639
36726,112.4585
36727,125.687
36728,108.0883
36729,96.8509
36730,91.272
36731,89.4968
36732,69.8348
36733,59.9224
36734,57.3213
36735,46.2536
36736,36.2463
36737,28.4358
36738,42.6261
36739,45.7185
36740,51.4212
36741,58.0108
36742,57.745
36743,58.6886
36744,71.2972
36745,90.7541
36746,137.145
36747,140.2297
36748,139.5328
36749,145.2088
36750,159.167
36751,150.7805
36752,158.6028
36753,142.6342
36754,158.183
36755,154.9112
36756,149.0662
36757,95.6801
36758,77.6672
36759,71.6849
36760,63.2117
36761,59.9272
36762,54.9039
36763,53.4842
36764,52.168
36765,50.7847
36766,47.9456
36767,41.6562
36768,37.1068
36769,35.2251
36770,32.8994
36771,33.0771
36772,33.094
36773,33.2065
36774,220.6185
36775,268.1131
36776,220.3318
36777,210.0317
36778,194.3892
36779,203.4441
36780,185.1188
36781,190.6588
36782,226.4981
36783,210.6816
36784,192.2154
36785,176.154
36786,239.3108
36787,252.3252
36788,243.9799
36789,231.2128
36790,209.243
36791,245.4424
36792,248.0318
36793,259.6775
36794,279.9011
36795,272.5994
36796,279.5652
36797,305.7299
36798,89.418
36799,77.7394
36800,115.5418
36801,79.0158
36802,64.1624
36803,55.0958
36804,66.7039
36805,89.7171
36806,64.552
36807,71.8576
36808,67.4662
36809,71.9402
36810,70.4819
36811,55.0108
36812,61.585
36813,69.0134
36814,69.2724
36815,72.4018
36816,97.5189
36817,154.6627
36818,113.9071
36819,143.9181
36820,115.7286
36821,136.3886
36822,254.9106
36823,257.1093
36824,246.4305
36825,230.1035
36826,206.4879
36827,74.3054
36828,53.0584
36829,34.2153
36830,27.8387
36831,25.2528
36832,21.9017
36833,22.4306
36834,19.7709
36835,18.6178
36836,18.5656
36837,18.1431
36838,20.0529
36839,18.8352
36840,18.9204
36841,48.2967
36842,57.1377
36843,67.2255
36844,63.3272
36845,52.6132
36846,127.0411
36847,132.1852
36848,157.1086
36849,190.4125
36850,187.5845
36851,196.0482
36852,189.5488
36853,183.624
36854,184.3482
36855,193.4203
36856,180.222
36857,201.869
36858,215.3518
36859,212.9453
36860,189.6327
36861,182.7124
36862,166.8911
36863,201.2375
36864,212.7654
36865,211.3737
36866,201.9393
36867,231.2479
36868,236.5995
36869,232.4999
36870,43.1702
36871,44.6103
36872,44.5305
36873,21.9697
36874,17.1445
36875,18.1558
36876,33.9424
36877,43.5688
36878,45.4575
36879,53.5907
36880,57.2776
36881,54.2566
36882,49.1994
36883,47.1974
36884,47.7607
36885,50.229
36886,68.8095
36887,69.5909
36888,79.7148
36889,83.1756
36890,77.0184
36891,109.9818
36892,124.7404
36893,81.5219
36894,27.2648
36895,192.6315
36896,90.0762
36897,86.0821
36898,29.412
36899,17.5386
36900,13.9352
36901,13.1045
36902,12.1466
36903,13.1249
36904,12.7672
36905,13.2971
36906,14.5461
36907,13.8876
36908,14.1272
36909,14.0676
36910,19.6947
36911,37.3461
36912,46.8941
36913,51.2817
36914,52.2673
36915,48.3841
36916,38.0781
36917,45.4233
36918,17.0361
36919,17.0564
36920,13.4044
36921,11.0383
36922,8.7318
36923,8.4185
36924,10.2238
36925,10.6404
36926,10.0093
36927,13.9174
36928,14.2375
36929,15.0981
36930,15.6857
36931,17.2843
36932,18.3338
36933,18.0621
36934,17.2083
36935,16.4278
36936,18.1961
36937,15.6826
36938,17.647
36939,17.2821
36940,17.5428
36941,19.7607
36942,20.0373
36943,19.5016
36944,19.099
36945,18.3683
36946,18.4264
36947,17.8515
36948,18.2122
36949,19.6289
36950,21.3883
36951,21.2628
36952,23.216
36953,22.756
36954,20.0575
36955,19.1269
36956,19.0195
36957,20.049
36958,21.0166
36959,20.5338
36960,22.253
36961,24.6354
36962,24.4679
36963,24.7916
36964,23.4422
36965,22.7843
36966,105.5045
36967,73.886
36968,100.2828
36969,97.7912
36970,92.7111
36971,89.9451
36972,74.2268
36973,70.7737
36974,81.3505
36975,96.7673
36976,84.8417
36977,83.8564
36978,88.9949
36979,75.8817
36980,68.2565
36981,66.9278
36982,70.6313
36983,83.3462
36984,73.8876
36985,66.4144
36986,84.8247
36987,90.4287
36988,101.2162
36989,92.4653
36990,73.078
36991,68.3226
36992,55.157
36993,38.1956
36994,40.8009
36995,59.0655
36996,54.8484
36997,47.3821
36998,34.5112
36999,39.2816
37000,36.2237
37001,39.3074
37002,37.4071
37003,37.1534
37004,29.2955
37005,26.9345
37006,59.6123
37007,50.3234
37008,65.7936
37009,70.0853
37010,72.1948
37011,88.7478
37012,105.3945
37013,80.9676
37014,60.4024
37015,51.6945
37016,40.894
37017,36.6428
37018,38.2597
37019,31.134
37020,28.5772
37021,28.1768
37022,26.6713
37023,23.815
37024,26.7153
37025,26.305
37026,25.4462
37027,31.1892
37028,26.2038
37029,25.6995
37030,25.1468
37031,26.173
37032,26.2851
37033,28.6096
37034,37.9502
37035,39.577
37036,37.8494
37037,37.9384
37038,45.4296
37039,41.3717
37040,40.4907
37041,48.3268
37042,60.1343
37043,59.5105
37044,59.1802
37045,59.773
37046,78.2677
37047,73.1657
37048,54.9446
37049,60.9741
37050,58.4503
37051,57.6135
37052,63.4423
37053,54.456
37054,57.2921
37055,59.6385
37056,73.7825
37057,79.0759
37058,85.7391
37059,134.8186
37060,150.5158
37061,175.1427
37062,94.2843
37063,95.822
37064,92.8031
37065,91.7822
37066,86.2642
37067,84.6305
37068,85.1155
37069,84.3945
37070,78.0881
37071,75.8375
37072,80.2882
37073,91.0389
37074,88.6402
37075,97.7823
37076,93.5437
37077,101.051
37078,103.8879
37079,102.6347
37080,103.4588
37081,156.7429
37082,166.2363
37083,171.6977
37084,180.2441
37085,192.2197
37086,319.0325
37087,332.2812
37088,333.2897
37089,320.3823
37090,291.3367
37091,285.0854
37092,276.9027
37093,253.9817
37094,259.7647
37095,259.6812
37096,216.7585
37097,236.5388
37098,202.1758
37099,185.4901
37100,194.7283
37101,137.5724
37102,167.8665
37103,141.0769
37104,219.9452
37105,223.0507
37106,213.3023
37107,189.4386
37108,253.4794
37109,251.9866
37110,264.2471
37111,261.7247
37112,243.577
37113,224.8518
37114,203.8898
37115,192.575
37116,175.4854
37117,138.7849
37118,104.2905
37119,66.3777
37120,71.5328
37121,70.6967
37122,60.8644
37123,55.4067
37124,55.6946
37125,49.8772
37126,42.5359
37127,37.2576
37128,63.5348
37129,70.8476
37130,293.1074
37131,255.3731
37132,209.6624
37133,185.968
37134,40.2272
37135,28.2407
37136,24.5188
37137,27.6876
37138,28.3151
37139,30.08
37140,31.8044
37141,30.291
37142,24.8578
37143,24.8044
37144,25.5749
37145,26.8345
37146,26.2979
37147,25.8391
37148,26.1343
37149,25.9803
37150,26.4701
37151,28.3567
37152,28.7697
37153,28.372
37154,27.9482
37155,26.9106
37156,64.2104
37157,59.4472
37158,53.9672
37159,65.3549
37160,48.9574
37161,63.062
37162,60.0082
37163,51.8565
37164,51.2219
37165,53.7034
37166,51.63
37167,45.1726
37168,40.4474
37169,37.3574
37170,44.5198
37171,40.6543
37172,30.704
37173,37.4734
37174,33.2649
37175,27.9345
37176,30.13
37177,23.8438
37178,32.5842
37179,30.0588
37180,33.3744
37181,34.2969
37182,55.5757
37183,77.7196
37184,109.9741
37185,97.3192
37186,87.3554
37187,76.2965
37188,105.2122
37189,92.4027
37190,77.5363
37191,128.1717
37192,142.2636
37193,148.2631
37194,162.6827
37195,156.0002
37196,125.9124
37197,104.6278
37198,89.3017
37199,75.4428
37200,102.7522
37201,116.8535
37202,115.6579
37203,19.8736
37204,14.3441
37205,12.4903
37206,10.8922
37207,9.7677
37208,9.6938
37209,9.4649
37210,9.4779
37211,9.1976
37212,8.9888
37213,10.5823
37214,10.9007
37215,10.4277
37216,10.7249
37217,10.4437
37218,9.6984
37219,9.0641
37220,8.483
37221,7.7754
37222,8.5669
37223,8.9239
37224,7.7434
37225,8.183
37226,106.9675
37227,158.5883
37228,177.6852
37229,155.0066
37230,146.1655
37231,150.1082
37232,151.4181
37233,178.0409
37234,164.4693
37235,166.3808
37236,143.5379
37237,172.4454
37238,147.8166
37239,145.1415
37240,136.2912
37241,145.6269
37242,153.6939
37243,160.8923
37244,133.525
37245,123.3418
37246,88.2084
37247,63.0725
37248,57.0428
37249,52.3501
37250,51.4102
37251,115.8693
37252,112.4473
37253,127.1311
37254,154.3238
37255,122.9662
37256,126.8707
37257,103.6219
37258,101.379
37259,84.997
37260,135.3666
37261,114.1395
37262,89.4811
37263,95.9333
37264,89.3521
37265,87.8732
37266,88.1473
37267,87.5021
37268,90.3632
37269,91.5834
37270,92.4548
37271,93.6829
37272,94.9132
37273,86.8822
37274,71.433
37275,87.4902
37276,80.4471
37277,93.8045
37278,82.5965
37279,92.9439
37280,104.7032
37281,107.0896
37282,96.4848
37283,109.0324
37284,107.0951
37285,110.1115
37286,123.9282
37287,126.1653
37288,119.6315
37289,115.2128
37290,115.9098
37291,103.7597
37292,53.1692
37293,45.0452
37294,41.8375
37295,38.0613
37296,35.061
37297,47.5641
37298,58.6198
37299,62.7738
37300,55.4835
37301,60.18
37302,35.8304
37303,35.0777
37304,33.9287
37305,35.5946
37306,34.1379
37307,30.5722
37308,23.4933
37309,23.6624
37310,27.3138
37311,26.4519
37312,24.5716
37313,24.6771
37314,25.706
37315,24.9778
37316,24.4482
37317,23.2421
37318,25.2944
37319,23.6708
37320,23.9922
37321,24.5561
37322,33.2945
37323,26.6995
37324,21.6401
37325,25.496
37326,23.3767
37327,24.9729
37328,24.9685
37329,29.3191
37330,19.3666
37331,17.6202
37332,14.944
37333,13.6547
37334,14.5866
37335,21.1637
37336,32.9426
37337,37.5911
37338,47.488
37339,48.7606
37340,49.0543
37341,51.2711
37342,57.1189
37343,57.3954
37344,52.4198
37345,49.7183
37346,61.8399
37347,61.8154
37348,59.0216
37349,59.9216
37350,87.6594
37351,79.0784
37352,73.8787
37353,72.2629
37354,73.7166
37355,73.692
37356,80.2153
37357,82.5716
37358,91.2448
37359,101.942
37360,95.0443
37361,64.6828
37362,69.0033
37363,62.1955
37364,88.8064
37365,84.5495
37366,85.5651
37367,85.0836
37368,83.8234
37369,91.3537
37370,82.6788
37371,60.1485
37372,62.019
37373,54.3063
37374,35.7842
37375,40.4436
37376,46.5965
37377,39.6369
37378,38.3415
37379,41.961
37380,43.3981
37381,45.2214
37382,50.9586
37383,29.068
37384,32.3937
37385,112.4037
37386,113.7151
37387,118.4138
37388,105.7434
37389,96.4691
37390,87.028
37391,128.9893
37392,138.5217
37393,134.5119
37394,130.4127
37395,125.2713
37396,122.4197
37397,109.6401
37398,112.1914
37399,93.9675
37400,66.9686
37401,75.6727
37402,88.4901
37403,63.7465
37404,77.2595
37405,76.4127
37406,97.3499
37407,101.2188
37408,105.2133
37409,81.9415
37410,85.44
37411,72.4345
37412,68.1441
37413,90.9344
37414,80.0776
37415,68.839
37416,84.2906
37417,91.7479
37418,93.4329
37419,93.812
37420,89.3738
37421,103.0278
37422,103.9063
37423,108.8298
37424,107.5781
37425,107.3913
37426,106.3075
37427,102.3636
37428,100.2655
37429,101.2423
37430,99.9465
37431,100.585
37432,96.7104
37433,183.9096
37434,214.7714
37435,221.5356
37436,231.6747
37437,224.4968
37438,231.089
37439,227.009
37440,227.4263
37441,223.1147
37442,216.7838
37443,206.3938
37444,217.986
37445,214.521
37446,207.475
37447,219.7111
37448,231.632
37449,195.928
37450,93.1261
37451,84.0093
37452,76.0048
37453,77.1147
37454,77.7965
37455,71.8483
37456,78.6012
37457,197.2879
37458,154.6363
37459,197.4237
37460,202.2409
37461,213.3885
37462,215.0478
37463,215.8599
37464,141.8304
37465,139.2042
37466,151.1473
37467,142.0517
37468,183.5622
37469,153.577
37470,192.0082
37471,162.3667
37472,194.2545
37473,190.8567
37474,193.9043
37475,200.0132
37476,206.841
37477,218.2305
37478,217.6528
37479,214.1768
37480,214.7677
37481,77.3957
37482,74.6626
37483,87.8606
37484,78.8696
37485,49.6938
37486,53.5345
37487,36.1605
37488,72.0316
37489,51.9814
37490,40.4353
37491,11.0364
37492,7.2139
37493,7.9222
37494,12.5509
37495,10.0292
37496,12.5665
37497,15.381
37498,11.0213
37499,23.8768
37500,30.7825
37501,46.9319
37502,43.9495
37503,34.4318
37504,31.4751
37505,102.218
37506,110.8451
37507,97.5354
37508,98.0991
37509,94.5603
37510,99.3911
37511,97.1301
37512,112.6535
37513,116.1924
37514,132.5166
37515,132.2844
37516,124.7584
37517,111.8238
37518,121.6954
37519,100.6021
37520,106.9345
37521,88.3649
37522,83.3163
37523,101.7346
37524,119.9364
37525,104.9366
37526,76.5739
37527,82.6251
37528,75.0017
37529,102.915
37530,108.7818
37531,106.8911
37532,110.335
37533,112.1169
37534,113.2938
37535,121.2161
37536,126.1185
37537,127.6536
37538,120.0512
37539,105.6395
37540,105.1939
37541,132.136
37542,133.8909
37543,119.2377
37544,117.9513
37545,115.5003
37546,118.0153
37547,112.0866
37548,122.2586
37549,106.791
37550,109.1518
37551,109.7317
37552,110.5141
37553,127.0707
37554,127.7903
37555,131.913
37556,127.1387
37557,128.0245
37558,131.5653
37559,132.2145
37560,137.9798
37561,145.9669
37562,172.9037
37563,164.6816
37564,163.8029
37565,189.4345
37566,145.3678
37567,167.1497
37568,165.8213
37569,161.6156
37570,188.5204
37571,186.1948
37572,186.4246
37573,176.4221
37574,186.2888
37575,187.1672
37576,208.5832
37577,106.8433
37578,93.7517
37579,91.0109
37580,91.4825
37581,89.6686
37582,92.3273
37583,92.11
37584,114.206
37585,116.8411
37586,114.1233
37587,109.1932
37588,105.4844
37589,111.6705
37590,119.705
37591,111.5627
37592,97.7579
37593,92.4105
37594,91.6483
37595,78.1015
37596,80.8982
37597,82.2885
37598,105.7813
37599,109.9426
37600,124.7492
37601,124.1871
37602,128.8948
37603,117.9699
37604,113.3244
37605,117.4633
37606,108.7462
37607,115.0523
37608,137.5038
37609,136.5243
37610,153.179
37611,134.3432
37612,121.51
37613,137.6504
37614,101.954
37615,114.3258
37616,121.7585
37617,113.6119
37618,112.3658
37619,130.2622
37620,130.634
37621,111.9668
37622,78.818
37623,82.0596
37624,90.6608
37625,93.2591
37626,93.164
37627,95.5465
37628,96.0291
37629,102.5322
37630,69.5555
37631,57.6865
37632,53.0099
37633,59.7001
37634,59.9314
37635,37.0494
37636,54.0017
37637,52.2747
37638,73.4906
37639,74.2733
37640,77.7028
37641,88.3857
37642,80.8509
37643,81.8752
37644,84.7924
37645,86.6432
37646,92.8
37647,89.2164
37648,103.2279
37649,111.144
37650,110.7565
37651,113.0664
37652,112.6894
37653,121.4329
37654,123.3287
37655,128.1547
37656,125.7544
37657,128.9452
37658,116.7544
37659,96.4748
37660,84.2981
37661,92.3367
37662,82.9748
37663,71.9285
37664,99.0636
37665,102.0522
37666,106.2512
37667,109.3849
37668,110.6177
37669,109.1794
37670,158.0293
37671,107.2573
37672,90.7353
37673,124.6335
37674,95.2064
37675,102.6115
37676,96.8781
37677,97.9526
37678,97.4331
37679,96.761
37680,89.7985
37681,75.572
37682,79.2987
37683,77.8021
37684,64.4041
37685,57.2724
37686,53.4952
37687,47.7428
37688,46.4367
37689,54.2916
37690,58.5933
37691,69.0609
37692,69.3465
37693,77.5579
37694,86.6618
37695,104.33
37696,85.6131
37697,72.6241
37698,84.4144
37699,50.7528
37700,84.2775
37701,68.788
37702,73.5189
37703,80.1263
37704,77.2902
37705,79.6465
37706,77.1421
37707,87.8134
37708,83.9659
37709,87.7299
37710,84.9288
37711,89.1874
37712,89.6074
37713,95.9137
37714,84.0606
37715,89.0249
37716,88.3963
37717,96.1779
37718,122.7503
37719,120.9233
37720,144.7654
37721,117.0071
37722,116.5108
37723,109.1116
37724,108.9835
37725,114.7464
37726,144.1292
37727,179.6677
37728,181.2791
37729,174.8361
37730,155.1589
37731,150.7497
37732,163.2441
37733,147.7287
37734,157.1166
37735,150.2723
37736,144.6575
37737,172.0009
37738,174.5516
37739,115.9598
37740,98.7375
37741,134.5714
37742,108.3605
37743,106.2545
37744,88.0675
37745,76.542
37746,63.9639
37747,48.2485
37748,48.3221
37749,48.7635
37750,30.268
37751,28.6153
37752,28.0994
37753,29.4111
37754,30.9654
37755,35.398
37756,34.8068
37757,37.3397
37758,35.3459
37759,43.8513
37760,63.4935
37761,42.3129
37762,78.669
37763,82.819
37764,93.8592
37765,78.3258
37766,205.6948
37767,198.4952
37768,179.1694
37769,175.7894
37770,48.3554
37771,31.0666
37772,26.5314
37773,21.35
37774,20.2991
37775,19.5632
37776,21.4369
37777,22.5402
37778,22.9355
37779,24.7065
37780,26.4185
37781,25.2189
37782,23.7684
37783,22.4902
37784,18.9351
37785,20.3196
37786,21.4752
37787,25.2328
37788,35.8883
37789,39.2663
37790,217.5583
37791,259.5321
37792,246.1108
37793,227.8942
37794,219.5606
37795,262.1844
37796,238.4217
37797,191.0646
37798,143.1676
37799,130.8257
37800,174.8392
37801,125.0424
37802,112.4121
37803,101.1084
37804,131.383
37805,171.7354
37806,133.7145
37807,149.7675
37808,141.3517
37809,142.9281
37810,200.3575
37811,66.5541
37812,65.8677
37813,108.3191
37814,234.4117
37815,242.528
37816,238.2539
37817,231.4056
37818,230.7723
37819,248.8125
37820,243.9106
37821,245.7412
37822,226.4437
37823,245.9041
37824,241.4129
37825,244.6465
37826,233.3592
37827,233.2812
37828,223.9272
37829,214.4001
37830,234.4228
37831,232.8312
37832,228.5972
37833,263.2103
37834,268.0912
37835,262.9335
37836,262.1662
37837,255.1738
37838,171.2472
37839,164.6667
37840,166.8312
37841,154.7806
37842,147.4087
37843,154.6902
37844,168.619
37845,184.0544
37846,180.3796
37847,183.6393
37848,198.4544
37849,192.5758
37850,103.4879
37851,93.1589
37852,87.2574
37853,86.3738
37854,79.2798
37855,102.748
37856,88.2539
37857,89.8821
37858,65.8473
37859,68.9557
37860,70.1016
37861,71.2756
37862,80.3609
37863,81.1139
37864,91.9872
37865,102.1885
37866,88.5751
37867,99.0105
37868,101.9274
37869,116.3415
37870,117.3796
37871,116.8352
37872,120.6851
37873,135.7072
37874,122.6996
37875,136.8369
37876,136.1297
37877,131.4922
37878,112.1111
37879,103.5883
37880,101.4072
37881,73.3262
37882,76.4298
37883,44.4243
37884,40.9443
37885,35.186
37886,61.7275
37887,55.0188
37888,60.0126
37889,58.1594
37890,68.7416
37891,83.1207
37892,85.1722
37893,91.3303
37894,133.1951
37895,147.8029
37896,167.5672
37897,171.6155
37898,136.8142
37899,194.5651
37900,179.5315
37901,166.704
37902,170.076
37903,133.5574
37904,126.5505
37905,117.5875
37906,110.1802
37907,148.7704
37908,146.2768
37909,143.2184
37910,141.9211
37911,220.8814
37912,232.6734
37913,218.7494
37914,208.1184
37915,195.3739
37916,192.7364
37917,187.0976
37918,185.4409
37919,166.544
37920,166.5381
37921,259.6559
37922,95.4947
37923,155.0931
37924,127.3502
37925,128.7923
37926,128.6252
37927,135.4436
37928,117.7586
37929,124.0269
37930,140.2795
37931,106.9284
37932,105.5027
37933,116.982
37934,132.0262
37935,130.2112
37936,125.2341
37937,135.1274
37938,150.4169
37939,169.8165
37940,195.6612
37941,201.3257
37942,171.5228
37943,218.3974
37944,199.3016
37945,202.7064
37946,123.8019
37947,124.9297
37948,176.3721
37949,134.598
37950,158.3776
37951,144.9067
37952,149.1351
37953,152.5149
37954,150.0297
37955,159.9021
37956,151.7028
37957,123.1703
37958,104.5262
37959,84.2425
37960,78.251
37961,117.9871
37962,131.3603
37963,168.5553
37964,207.2694
37965,191.1985
37966,235.5367
37967,248.7289
37968,278.325
37969,272.2574
37970,38.8272
37971,25.7396
37972,17.4072
37973,12.9213
37974,10.492
37975,8.9432
37976,8.7093
37977,15.2416
37978,17.5266
37979,31.5596
37980,32.8514
37981,36.159
37982,28.8079
37983,25.7885
37984,18.3226
37985,16.6724
37986,15.6043
37987,16.6012
37988,16.5749
37989,16.0156
37990,15.6954
37991,14.624
37992,14.6835
37993,14.0922
37994,16.0711
37995,18.4323
37996,16.8884
37997,20.6797
37998,35.7458
37999,37.3308
38000,26.2328
38001,25.5411
38002,25.0057
38003,21.2295
38004,24.1288
38005,25.3003
38006,24.2508
38007,19.6515
38008,18.0728
38009,18.3057
38010,15.6253
38011,14.847
38012,15.4402
38013,15.6958
38014,16.0359
38015,14.7997
38016,14.1527
38017,13.8979
38018,36.174
38019,48.5786
38020,40.1522
38021,23.9632
38022,14.2032
38023,17.3819
38024,16.9785
38025,12.262
38026,11.0994
38027,14.6124
38028,13.0024
38029,13.103
38030,16.6537
38031,16.0587
38032,14.451
38033,13.7882
38034,13.426
38035,13.8002
38036,53.0445
38037,70.7218
38038,70.4655
38039,89.0234
38040,103.6763
38041,93.8032
38042,213.404
38043,193.6887
38044,178.5042
38045,182.0335
38046,144.9627
38047,138.9145
38048,122.4306
38049,111.0335
38050,118.5056
38051,122.7521
38052,102.1996
38053,112.0079
38054,97.3584
38055,98.1619
38056,114.8434
38057,117.4219
38058,126.0645
38059,137.3167
38060,141.2732
38061,138.0848
38062,120.5961
38063,110.8074
38064,105.7976
38065,102.8364
38066,135.1646
38067,140.8408
38068,139.0864
38069,122.7114
38070,111.3038
38071,120.0795
38072,96.0009
38073,102.8692
38074,83.3351
38075,57.5553
38076,45.7015
38077,43.6126
38078,33.827
38079,55.8863
38080,54.7826
38081,51.144
38082,65.4037
38083,57.3548
38084,89.8166
38085,96.8729
38086,108.6911
38087,141.5456
38088,129.2934
38089,142.893
38090,142.7688
38091,117.5165
38092,146.9937
38093,141.952
38094,129.1972
38095,119.8753
38096,118.5529
38097,98.0524
38098,122.9949
38099,103.1129
38100,74.161
38101,77.8357
38102,63.9117
38103,87.229
38104,91.6329
38105,105.8531
38106,108.0967
38107,111.0707
38108,163.0125
38109,165.0987
38110,176.3965
38111,143.3061
38112,135.56
38113,115.2054
38114,258.3052
38115,261.7451
38116,260.9654
38117,267.7988
38118,251.4759
38119,224.724
38120,216.1865
38121,214.1832
38122,209.2294
38123,164.8782
38124,184.6603
38125,181.2441
38126,190.3497
38127,184.5959
38128,241.1629
38129,244.5115
38130,224.5114
38131,195.4474
38132,236.5378
38133,250.4436
38134,250.7116
38135,256.7714
38136,253.7251
38137,268.6075
38138,133.9317
38139,125.0597
38140,111.64
38141,106.1317
38142,107.0368
38143,96.3917
38144,86.8947
38145,84.2001
38146,92.1506
38147,89.2068
38148,75.062
38149,71.8465
38150,69.3606
38151,71.7654
38152,86.7621
38153,79.2664
38154,78.1683
38155,103.5189
38156,105.4548
38157,124.2887
38158,132.9926
38159,152.0033
38160,159.9699
38161,143.401
38162,35.3742
38163,29.6427
38164,22.0652
38165,17.442
38166,15.8117
38167,13.974
38168,12.8323
38169,10.6659
38170,16.1178
38171,16.2868
38172,16.965
38173,16.8751
38174,15.5232
38175,14.0688
38176,23.8823
38177,29.0296
38178,28.5589
38179,38.8297
38180,43.9228
38181,43.5525
38182,46.317
38183,67.8662
38184,69.1985
38185,73.7585
38186,80.9335
38187,90.0121
38188,82.2999
38189,96.4381
38190,89.9587
38191,82.4916
38192,82.3309
38193,81.0324
38194,91.8174
38195,75.1858
38196,77.4034
38197,73.58
38198,64.5758
38199,57.0003
38200,51.2707
38201,52.4506
38202,51.8835
38203,52.3937
38204,54.5742
38205,57.682
38206,66.4417
38207,90.0724
38208,62.9367
38209,37.4229
38210,20.5282
38211,23.3349
38212,22.8789
38213,21.1966
38214,17.7492
38215,17.1249
38216,17.9892
38217,14.0006
38218,16.7965
38219,17.0418
38220,17.4622
38221,18.4149
38222,16.3772
38223,15.8524
38224,18.2421
38225,15.5685
38226,14.9248
38227,17.3706
38228,16.9553
38229,14.3502
38230,18.745
38231,19.7283
38232,20.2006
38233,20.9266
38234,48.546
38235,44.6768
38236,71.3285
38237,104.7347
38238,70.9754
38239,54.7169
38240,46.6481
38241,34.1893
38242,32.9291
38243,28.1624
38244,26.5203
38245,28.0952
38246,26.6796
38247,49.4177
38248,48.6608
38249,50.4179
38250,57.026
38251,59.1615
38252,70.4495
38253,76.8998
38254,82.8071
38255,85.78
38256,86.1029
38257,97.6883
38258,157.832
38259,161.5872
38260,166.4763
38261,160.972
38262,150.5671
38263,140.2749
38264,131.0033
38265,122.203
38266,138.5417
38267,134.4063
38268,156.7769
38269,171.2611
38270,176.5246
38271,183.0893
38272,197.4856
38273,179.7791
38274,163.0846
38275,160.2666
38276,151.678
38277,146.3236
38278,175.5483
38279,170.0404
38280,169.0291
38281,156.7011
38282,27.7043
38283,21.7989
38284,32.3852
38285,28.8257
38286,19.7729
38287,17.7711
38288,15.658
38289,14.4864
38290,15.0158
38291,16.7515
38292,26.7618
38293,25.2731
38294,22.4348
38295,23.4467
38296,20.2527
38297,18.249
38298,19.1236
38299,18.3099
38300,26.867
38301,28.0096
38302,26.8004
38303,31.9419
38304,51.9789
38305,60.0665
38306,56.6903
38307,57.5314
38308,58.527
38309,77.6238
38310,90.6564
38311,84.7867
38312,87.805
38313,86.3174
38314,67.3918
38315,81.2623
38316,82.5081
38317,78.4739
38318,67.8001
38319,68.995
38320,60.7779
38321,129.5742
38322,139.1924
38323,135.673
38324,143.399
38325,139.0463
38326,222.37
38327,234.1558
38328,232.643
38329,206.4289
38330,244.4952
38331,235.4189
38332,226.2303
38333,219.342
38334,204.8504
38335,201.0395
38336,188.6156
38337,172.9153
38338,174.5904
38339,178.1227
38340,165.5833
38341,148.6319
38342,153.0802
38343,114.3975
38344,96.2761
38345,89.8788
38346,85.541
38347,76.7333
38348,118.6096
38349,128.6211
38350,113.5751
38351,85.6225
38352,79.1517
38353,75.7146
38354,96.5719
38355,97.313
38356,94.784
38357,124.086
38358,123.895
38359,114.4739
38360,125.4935
38361,112.3168
38362,118.2757
38363,126.0725
38364,125.5785
38365,98.7676
38366,71.9051
38367,58.3519
38368,39.2873
38369,31.4882
38370,20.6244
38371,21.3118
38372,20.8885
38373,23.2046
38374,22.9174
38375,23.5516
38376,24.9621
38377,28.1589
38378,19.9056
38379,16.6542
38380,16.8447
38381,12.2808
38382,9.8044
38383,5.8285
38384,5.9146
38385,7.434
38386,10.0567
38387,16.8584
38388,13.781
38389,19.0437
38390,19.7744
38391,20.9408
38392,20.1238
38393,20.1576
38394,19.7405
38395,18.65
38396,19.6007
38397,21.8955
38398,19.3362
38399,19.2115
38400,16.7227
38401,18.8738
38402,52.9826
38403,42.7224
38404,37.8683
38405,32.7772
38406,31.9203
38407,28.8072
38408,30.1152
38409,28.5707
38410,27.2187
38411,25.2522
38412,26.7764
38413,26.1235
38414,23.7614
38415,40.1874
38416,42.7024
38417,39.8539
38418,39.5362
38419,48.1042
38420,46.3399
38421,56.7396
38422,59.4643
38423,72.7463
38424,68.7505
38425,74.6771
38426,118.2344
38427,158.9224
38428,169.8364
38429,166.2849
38430,174.063
38431,174.6633
38432,164.5103
38433,158.6637
38434,157.3306
38435,152.9725
38436,150.0963
38437,149.0571
38438,155.9228
38439,154.916
38440,154.1049
38441,151.3815
38442,160.4153
38443,156.5211
38444,160.0721
38445,158.7598
38446,148.4262
38447,145.812
38448,162.0892
38449,159.3508
38450,89.2111
38451,87.4119
38452,95.5999
38453,83.9144
38454,92.8814
38455,111.2206
38456,98.8136
38457,80.634
38458,85.8497
38459,90.5049
38460,110.7465
38461,107.0615
38462,99.6787
38463,98.4427
38464,128.7804
38465,86.7475
38466,87.7967
38467,86.3542
38468,116.4734
38469,131.3707
38470,132.9481
38471,128.9687
38472,131.1776
38473,130.9561
38474,130.948
38475,133.4007
38476,134.0411
38477,130.2923
38478,117.0807
38479,103.4906
38480,97.8497
38481,89.7415
38482,79.8085
38483,80.3694
38484,82.5966
38485,72.1788
38486,76.647
38487,78.8703
38488,86.4877
38489,89.6822
38490,82.8609
38491,85.1052
38492,98.8008
38493,90.3568
38494,93.3974
38495,102.478
38496,102.5721
38497,113.7684
38498,87.6259
38499,93.6919
38500,114.8639
38501,115.4231
38502,95.7187
38503,119.4711
38504,112.268
38505,142.0492
38506,99.4176
38507,121.0714
38508,130.5741
38509,132.9396
38510,142.3316
38511,134.4848
38512,141.3525
38513,127.0213
38514,145.0598
38515,131.8992
38516,129.2969
38517,118.4089
38518,107.8295
38519,112.8043
38520,119.5469
38521,116.0037
38522,40.8546
38523,29.3644
38524,23.5917
38525,62.3227
38526,67.548
38527,69.5166
38528,70.9488
38529,72.9084
38530,84.2503
38531,88.3058
38532,86.2764
38533,92.3087
38534,98.7468
38535,87.4248
38536,81.9159
38537,76.7644
38538,75.0507
38539,77.8291
38540,79.2244
38541,79.4482
38542,71.7873
38543,74.1137
38544,66.7355
38545,58.8658
38546,57.5446
38547,62.2651
38548,65.7169
38549,65.8342
38550,53.7906
38551,56.742
38552,43.1643
38553,33.2353
38554,28.7755
38555,33.6412
38556,29.0606
38557,27.0131
38558,25.6108
38559,22.128
38560,22.2861
38561,17.0459
38562,23.4761
38563,27.0795
38564,26.4188
38565,41.758
38566,35.857
38567,44.8275
38568,38.9264
38569,37.0998
38570,34.8467
38571,44.3726
38572,50.1698
38573,45.4903
38574,38.0461
38575,33.7444
38576,51.0277
38577,78.7012
38578,86.0604
38579,78.2874
38580,59.4616
38581,53.7827
38582,52.7067
38583,42.6894
38584,41.3124
38585,44.0915
38586,56.4535
38587,48.5025
38588,90.62
38589,97.5021
38590,102.538
38591,79.8478
38592,63.1808
38593,71.1544
38594,66.4986
38595,88.8881
38596,79.4153
38597,68.0355
38598,76.8039
38599,84.5802
38600,99.3285
38601,81.7981
38602,79.346
38603,89.1292
38604,82.1543
38605,64.1417
38606,60.3897
38607,89.1251
38608,86.7906
38609,83.7808
38610,71.1101
38611,96.9137
38612,90.8107
38613,103.1951
38614,33.6853
38615,52.4255
38616,53.5238
38617,49.212
38618,46.917
38619,48.5527
38620,48.5097
38621,44.6978
38622,42.0561
38623,42.4559
38624,41.2742
38625,51.5967
38626,73.5991
38627,53.2417
38628,78.6436
38629,48.4281
38630,48.0452
38631,29.3332
38632,55.6799
38633,37.381
38634,46.6052
38635,62.1274
38636,64.8708
38637,67.4914
38638,62.2039
38639,57.0001
38640,119.8629
38641,137.9245
38642,144.1473
38643,131.0921
38644,122.6717
38645,121.3521
38646,110.3184
38647,125.5155
38648,109.4475
38649,135.3544
38650,110.469
38651,112.5607
38652,116.0581
38653,99.2013
38654,99.6157
38655,117.7279
38656,112.8311
38657,115.6935
38658,135.7114
38659,137.0213
38660,94.3298
38661,98.1379
38662,82.8291
38663,90.0657
38664,86.9137
38665,89.4831
38666,92.5224
38667,97.9738
38668,89.1347
38669,82.8737
38670,91.3689
38671,90.7678
38672,81.022
38673,77.6312
38674,75.3246
38675,73.6935
38676,90.9283
38677,98.5357
38678,101.6011
38679,110.9926
38680,113.4958
38681,115.5839
38682,101.125
38683,101.1384
38684,116.7694
38685,119.8174
38686,102.3084
38687,72.5999
38688,71.9151
38689,78.2104
38690,74.9594
38691,104.4073
38692,98.0889
38693,138.143
38694,134.8454
38695,138.5508
38696,131.9517
38697,122.898
38698,115.8835
38699,81.1752
38700,95.7543
38701,87.9209
38702,91.7225
38703,84.1156
38704,110.497
38705,108.7027
38706,92.2283
38707,91.5052
38708,93.4307
38709,68.5452
38710,57.5188
38711,60.9769
38712,59.5646
38713,61.3547
38714,52.4675
38715,55.4689
38716,52.1419
38717,48.4896
38718,56.9121
38719,84.5977
38720,84.8324
38721,83.0505
38722,71.5145
38723,61.6293
38724,51.6419
38725,73.8909
38726,74.6753
38727,54.9763
38728,54.863
38729,50.9531
38730,50.2626
38731,61.998
38732,61.6972
38733,100.2348
38734,100.8825
38735,104.7605
38736,111.4636
38737,102.9889
38738,106.5855
38739,105.7006
38740,112.1094
38741,121.4354
38742,126.0393
38743,124.5708
38744,118.3145
38745,121.3724
38746,109.3899
38747,106.5801
38748,110.6615
38749,102.1164
38750,101.7182
38751,109.2661
38752,106.7747
38753,100.3298
38754,97.3943
38755,108.902
38756,96.9634
38757,99.6688
38758,89.1836
38759,88.8836
38760,104.8227
38761,88.3827
38762,91.0977
38763,82.635
38764,85.2865
38765,105.0743
38766,103.1063
38767,86.6179
38768,95.7998
38769,105.7794
38770,88.4262
38771,80.9994
38772,89.8713
38773,80.5019
38774,74.5078
38775,78.1968
38776,80.7222
38777,81.2159
38778,78.7559
38779,78.2428
38780,79.7283
38781,51.0749
38782,46.7733
38783,39.9678
38784,49.1701
38785,49.7535
38786,51.8855
38787,47.1985
38788,46.3754
38789,49.2739
38790,44.9274
38791,56.7025
38792,54.5642
38793,58.7705
38794,55.3821
38795,63.2496
38796,61.5176
38797,61.3292
38798,61.23
38799,67.615
38800,71.6919
38801,73.088
38802,71.4398
38803,70.8008
38804,73.3019
38805,82.3776
38806,81.0345
38807,69.1484
38808,62.2683
38809,70.4581
38810,69.6696
38811,67.2867
38812,88.8039
38813,95.8745
38814,95.1165
38815,89.5847
38816,62.9325
38817,58.2652
38818,53.0086
38819,61.6179
38820,77.808
38821,66.0788
38822,65.1095
38823,56.5744
38824,66.5492
38825,68.6594
38826,78.5819
38827,68.0013
38828,80.1271
38829,67.8509
38830,65.6507
38831,72.6224
38832,69.9559
38833,73.7037
38834,75.5995
38835,75.8336
38836,77.4142
38837,83.3697
38838,92.5547
38839,86.3725
38840,85.6424
38841,88.1772
38842,73.7674
38843,61.6307
38844,64.0621
38845,64.923
38846,67.3656
38847,68.5657
38848,69.1985
38849,65.7606
38850,65.6364
38851,46.4679
38852,45.3912
38853,50.6697
38854,45.603
38855,45.722
38856,49.0565
38857,48.8316
38858,53.0557
38859,53.8767
38860,65.3296
38861,63.0039
38862,66.5768
38863,67.6428
38864,60.5076
38865,67.0425
38866,59.0344
38867,61.9504
38868,54.2381
38869,57.1999
38870,54.2504
38871,60.0925
38872,63.4466
38873,61.7308
38874,61.2713
38875,139.7082
38876,143.7227
38877,143.5602
38878,146.7891
38879,146.1962
38880,146.4567
38881,147.1471
38882,154.123
38883,167.5153
38884,133.5
38885,147.458
38886,141.9893
38887,152.0718
38888,135.6872
38889,134.2896
38890,114.792
38891,103.1645
38892,113.3756
38893,107.6905
38894,130.4703
38895,154.2541
38896,156.0191
38897,162.1859
38898,165.3497
38899,67.8816
38900,54.8917
38901,51.4508
38902,49.7269
38903,55.1078
38904,53.7393
38905,50.3385
38906,49.5994
38907,62.9605
38908,55.5499
38909,63.2004
38910,67.8936
38911,76.281
38912,76.9229
38913,81.4879
38914,81.7236
38915,77.9557
38916,71.5411
38917,69.4958
38918,71.2208
38919,67.2979
38920,69.2895
38921,60.6902
38922,74.0229
38923,29.4071
38924,42.6927
38925,57.0858
38926,46.1421
38927,43.7499
38928,38.3444
38929,55.5625
38930,46.6127
38931,28.5738
38932,40.2922
38933,23.31
38934,27.6336
38935,24.0407
38936,18.484
38937,17.0139
38938,33.9823
38939,24.5068
38940,34.0904
38941,36.722
38942,42.5806
38943,41.4273
38944,33.5583
38945,39.8376
38946,47.4251
38947,89.2467
38948,100.0709
38949,92.6554
38950,93.6219
38951,82.4956
38952,73.066
38953,68.9652
38954,73.2856
38955,73.0358
38956,96.093
38957,94.7133
38958,103.6528
38959,103.9987
38960,106.1321
38961,103.9908
38962,96.5435
38963,65.9377
38964,70.058
38965,70.2647
38966,87.9167
38967,117.2092
38968,107.8171
38969,107.2822
38970,109.5997
38971,109.8246
38972,123.2148
38973,125.8512
38974,102.6815
38975,112.1648
38976,111.9327
38977,102.8582
38978,115.9311
38979,121.8481
38980,121.4448
38981,119.0908
38982,75.012
38983,86.5009
38984,99.7111
38985,78.23
38986,44.7547
38987,44.0658
38988,24.5369
38989,22.7338
38990,20.0417
38991,14.6185
38992,53.5567
38993,77.8767
38994,45.3218
38995,47.7923
38996,63.4518
38997,59.7535
38998,75.1901
38999,61.202
39000,48.8875
39001,29.2417
39002,23.9382
39003,21.9517
39004,16.2197
39005,14.9367
39006,12.7269
39007,10.609
39008,24.6979
39009,13.8451
39010,22.2018
39011,18.0603
39012,22.8161
39013,40.1874
39014,26.8643
39015,28.3902
39016,82.1942
39017,78.2579
39018,87.0731
39019,80.6564
39020,80.5039
39021,73.8036
39022,74.8635
39023,82.2662
39024,72.7365
39025,74.0941
39026,87.3037
39027,90.2385
39028,69.6986
39029,47.0324
39030,44.7285
39031,45.904
39032,44.259
39033,45.6161
39034,47.6637
39035,89.0655
39036,98.4582
39037,95.5696
39038,104.8472
39039,116.3675
39040,114.3735
39041,109.6394
39042,104.6554
39043,102.3606
39044,95.4554
39045,84.9124
39046,80.0397
39047,83.2276
39048,92.5047
39049,83.0146
39050,75.7769
39051,54.4129
39052,44.1741
39053,34.0948
39054,40.7633
39055,45.8245
39056,62.4452
39057,89.4102
39058,62.5042
39059,84.083
39060,123.3395
39061,144.7874
39062,149.9834
39063,135.7329
39064,202.8332
39065,204.3379
39066,199.2182
39067,183.4485
39068,165.9975
39069,162.2007
39070,154.2652
39071,146.518
39072,142.4559
39073,130.1349
39074,125.8843
39075,152.7211
39076,161.7351
39077,164.3046
39078,166.1974
39079,163.6619
39080,168.0065
39081,214.4032
39082,234.3659
39083,247.5942
39084,226.7456
39085,210.8489
39086,195.0889
39087,201.77
39088,138.06
39089,129.9514
39090,123.1451
39091,122.4003
39092,109.298
39093,114.2835
39094,111.5732
39095,98.1376
39096,100.0996
39097,95.5293
39098,56.8893
39099,59.754
39100,60.3438
39101,58.5665
39102,61.4134
39103,63.6611
39104,60.9286
39105,86.7574
39106,116.0467
39107,149.9755
39108,148.5783
39109,125.578
39110,127.6505
39111,148.6312
39112,33.0704
39113,26.4961
39114,25.6584
39115,33.202
39116,38.9089
39117,37.2587
39118,37.9886
39119,43.6042
39120,35.935
39121,34.3145
39122,25.5698
39123,70.241
39124,72.8938
39125,69.3276
39126,66.6386
39127,67.2975
39128,93.2903
39129,97.5788
39130,131.0801
39131,145.2125
39132,148.2027
39133,145.9328
39134,150.1916
39135,148.1109
39136,160.6969
39137,183.1163
39138,162.0067
39139,153.932
39140,168.7463
39141,135.5202
39142,136.4961
39143,141.3737
39144,151.0483
39145,125.2727
39146,117.548
39147,107.8178
39148,107.2689
39149,106.9346
39150,87.6585
39151,68.3941
39152,72.4686
39153,85.4025
39154,94.6068
39155,73.0133
39156,170.6627
39157,185.7824
39158,187.1474
39159,199.8104
39160,278.5761
39161,283.8585
39162,289.8336
39163,275.6803
39164,265.6016
39165,258.2049
39166,261.8086
39167,238.9332
39168,214.6427
39169,241.2587
39170,190.2102
39171,186.147
39172,189.6312
39173,174.6015
39174,78.5075
39175,57.4422
39176,47.2317
39177,37.4029
39178,32.3728
39179,23.3402
39180,24.7345
39181,22.1824
39182,20.2126
39183,18.205
39184,99.5117
39185,168.2306
39186,151.2867
39187,142.9908
39188,105.2058
39189,123.3745
39190,130.9655
39191,143.7473
39192,143.0238
39193,79.6085
39194,79.8525
39195,50.4649
39196,25.485
39197,27.253
39198,33.1787
39199,29.7034
39200,43.3766
39201,53.3062
39202,56.4267
39203,141.45
39204,152.8944
39205,165.3335
39206,146.0245
39207,137.6667
39208,74.5066
39209,66.7217
39210,70.485
39211,47.8308
39212,47.5342
39213,41.7495
39214,51.1891
39215,59.3622
39216,71.7665
39217,93.2167
39218,78.8287
39219,78.22
39220,79.9
39221,73.764
39222,62.6147
39223,68.9029
39224,75.4755
39225,75.3142
39226,103.3823
39227,77.9271
39228,104.7784
39229,126.1364
39230,122.9024
39231,127.0076
39232,222.7747
39233,217.6856
39234,216.0363
39235,207.2403
39236,235.9642
39237,230.6352
39238,230.4369
39239,223.0301
39240,190.43
39241,163.9974
39242,159.7942
39243,156.4131
39244,159.4822
39245,159.5495
39246,155.0115
39247,149.7858
39248,148.9161
39249,155.3029
39250,159.2935
39251,158.11
39252,151.2934
39253,158.9699
39254,157.1214
39255,159.1492
39256,188.427
39257,172.0464
39258,171.0671
39259,170.4978
39260,153.0959
39261,155.6206
39262,166.1172
39263,177.5251
39264,177.3615
39265,184.2942
39266,207.2718
39267,198.8315
39268,199.486
39269,220.1849
39270,214.8296
39271,239.2998
39272,240.4602
39273,246.9272
39274,270.9567
39275,265.9922
39276,264.7125
39277,269.0122
39278,268.2517
39279,48.538
39280,30.7133
39281,21.9522
39282,17.2332
39283,15.2998
39284,14.3641
39285,22.4903
39286,20.0335
39287,19.4779
39288,20.7725
39289,24.9508
39290,29.8053
39291,28.6468
39292,28.5928
39293,26.7826
39294,28.924
39295,31.5095
39296,41.659
39297,55.9492
39298,56.0022
39299,64.1351
39300,63.3695
39301,64.2062
39302,52.7968
39303,210.5813
39304,180.6104
39305,169.0894
39306,167.0123
39307,149.9203
39308,126.2479
39309,119.5257
39310,101.5813
39311,92.1302
39312,87.78
39313,123.6512
39314,123.3615
39315,127.6842
39316,147.7523
39317,208.386
39318,234.0034
39319,235.7336
39320,284.6979
39321,296.7047
39322,291.7278
39323,267.2685
39324,338.8815
39325,390.0801
39326,396.8958
39327,149.394
39328,140.3485
39329,114.5345
39330,130.779
39331,101.7605
39332,90.8371
39333,85.2112
39334,66.3327
39335,50.4366
39336,49.5609
39337,53.9238
39338,66.508
39339,48.6831
39340,66.3687
39341,76.3992
39342,76.9713
39343,76.1025
39344,97.6725
39345,114.6386
39346,150.5066
39347,156.9417
39348,167.4059
39349,155.8373
39350,219.193
39351,119.2978
39352,120.9803
39353,88.6851
39354,77.3458
39355,91.6064
39356,66.7875
39357,65.9158
39358,122.8613
39359,94.5902
39360,74.2935
39361,62.4022
39362,61.2763
39363,60.5727
39364,50.0447
39365,50.3398
39366,50.5286
39367,46.8301
39368,41.1845
39369,45.8543
39370,72.8704
39371,74.3408
39372,92.4987
39373,93.3147
39374,79.9016
39375,246.8989
39376,241.701
39377,260.4156
39378,258.3824
39379,256.3963
39380,249.3214
39381,242.4273
39382,244.7461
39383,239.9998
39384,256.5784
39385,234.6818
39386,247.7958
39387,256.5049
39388,263.587
39389,267.9254
39390,265.1581
39391,259.6229
39392,256.2222
39393,256.7936
39394,265.8685
39395,274.1226
39396,272.2825
39397,263.0169
39398,268.4075
39399,44.0801
39400,30.1601
39401,19.8324
39402,33.4189
39403,31.1099
39404,24.6964
39405,37.0402
39406,24.9865
39407,28.9033
39408,19.7208
39409,19.8272
39410,19.0258
39411,21.8494
39412,18.3632
39413,20.5288
39414,20.8016
39415,18.3117
39416,19.8065
39417,28.9828
39418,30.9674
39419,34.4458
39420,27.8716
39421,24.9265
39422,21.8158
39423,307.5075
39424,263.3048
39425,156.197
39426,116.2663
39427,67.0997
39428,56.6927
39429,69.6737
39430,52.6254
39431,50.2711
39432,33.8841
39433,19.9522
39434,17.4373
39435,19.0254
39436,18.4137
39437,21.1537
39438,41.6494
39439,41.2685
39440,53.8327
39441,74.2881
39442,56.7707
39443,57.6294
39444,64.0074
39445,70.4083
39446,72.5093
39447,108.1389
39448,239.4411
39449,253.5042
39450,260.2313
39451,250.7505
39452,243.0429
39453,237.443
39454,237.3537
39455,231.4041
39456,267.6146
39457,271.1967
39458,280.3535
39459,327.4245
39460,343.2891
39461,362.0435
39462,355.8942
39463,334.3365
39464,338.485
39465,355.1806
39466,364.2922
39467,352.3448
39468,355.6899
39469,344.4933
39470,240.3385
39471,267.3396
39472,268.7244
39473,251.4378
39474,221.0472
39475,204.5856
39476,206.9784
39477,202.7869
39478,238.6208
39479,233.0276
39480,238.4549
39481,288.162
39482,96.078
39483,53.6898
39484,40.8443
39485,28.1478
39486,21.9291
39487,20.5299
39488,17.6683
39489,21.6238
39490,23.1174
39491,17.8371
39492,14.5321
39493,10.3212
39494,202.2698
39495,196.6428
39496,224.6882
39497,220.0263
39498,217.2655
39499,198.2898
39500,189.7685
39501,184.5208
39502,205.4014
39503,245.1907
39504,252.8676
39505,255.3803
39506,231.8779
39507,209.407
39508,170.8716
39509,191.4141
39510,178.5432
39511,231.3167
39512,256.9038
39513,285.0837
39514,310.1183
39515,322.6975
39516,330.2804
39517,337.8832
39518,115.1556
39519,104.7672
39520,96.503
39521,93.8123
39522,89.4834
39523,85.203
39524,110.0545
39525,110.1782
39526,109.3118
39527,111.826
39528,112.3194
39529,126.0893
39530,162.587
39531,155.8198
39532,154.8214
39533,137.8064
39534,140.2928
39535,142.6227
39536,137.5397
39537,145.2006
39538,140.2169
39539,132.0582
39540,130.2743
39541,92.0145
39542,91.1674
39543,88.6312
39544,79.0293
39545,74.8721
39546,69.0196
39547,66.4968
39548,110.1452
39549,98.5717
39550,106.4595
39551,132.7976
39552,137.7581
39553,156.8432
39554,162.8081
39555,202.584
39556,198.1661
39557,201.2433
39558,226.6328
39559,214.3879
39560,192.2776
39561,203.7182
39562,207.315
39563,194.7384
39564,183.8278
39565,30.6673
39566,19.9553
39567,14.8192
39568,14.1671
39569,10.9567
39570,18.0796
39571,30.8662
39572,34.1642
39573,13.3015
39574,12.8015
39575,14.092
39576,13.2855
39577,27.592
39578,45.7905
39579,30.0275
39580,23.4434
39581,21.1
39582,11.1804
39583,10.9935
39584,22.4301
39585,67.5783
39586,90.108
39587,89.6008
39588,111.5071
39589,73.6525
39590,65.4065
39591,63.7167
39592,69.7487
39593,67.4958
39594,70.1798
39595,74.4143
39596,68.8838
39597,71.8691
39598,74.309
39599,78.156
39600,80.8543
39601,85.7423
39602,78.8393
39603,72.0164
39604,94.7451
39605,102.2169
39606,103.7617
39607,103.8535
39608,99.3339
39609,99.1941
39610,101.221
39611,104.2235
39612,102.2506
39613,15.8898
39614,11.0849
39615,22.5291
39616,7.0988
39617,12.8793
39618,14.144
39619,5.9098
39620,5.4549
39621,6.632
39622,6.6479
39623,9.1648
39624,10.7907
39625,11.9985
39626,14.2218
39627,12.9217
39628,12.7123
39629,11.7536
39630,11.527
39631,7.7431
39632,20.5724
39633,44.6759
39634,28.8719
39635,27.2952
39636,33.5286
39637,28.6189
39638,12.5622
39639,20.9448
39640,14.4427
39641,9.8792
39642,8.5349
39643,7.2198
39644,5.3712
39645,5.1856
39646,6.2103
39647,5.2579
39648,6.7305
39649,5.6899
39650,5.0934
39651,5.0467
39652,5.0234
39653,5.3186
39654,5.0229
39655,5.0114
39656,15.9389
39657,21.069
39658,16.6387
39659,18.4489
39660,32.5747
39661,31.0907
39662,30.7997
39663,29.8172
39664,25.9994
39665,22.2788
39666,19.5054
39667,24.4858
39668,23.5944
39669,25.1382
39670,24.4882
39671,25.8222
39672,25.8069
39673,24.6907
39674,23.1811
39675,21.0083
39676,20.676
39677,19.8301
39678,19.3705
39679,18.859
39680,18.8535
39681,39.5691
39682,56.0955
39683,35.5932
39684,65.6131
39685,67.5594
39686,68.2834
39687,68.9374
39688,71.6474
39689,78.0313
39690,82.3583
39691,83.3265
39692,83.6125
39693,102.0151
39694,104.6526
39695,95.1799
39696,81.1165
39697,88.124
39698,79.3875
39699,77.361
39700,82.7248
39701,75.3019
39702,76.3015
39703,70.8435
39704,73.5382
39705,72.718
39706,70.9007
39707,72.8613
39708,98.1992
39709,98.5834
39710,114.5594
39711,125.1078
39712,125.3016
39713,124.6507
39714,122.681
39715,123.0534
39716,115.4575
39717,114.8553
39718,122.0755
39719,117.1522
39720,99.8469
39721,104.7082
39722,95.7875
39723,98.8342
39724,98.24
39725,92.9177
39726,91.6266
39727,110.7252
39728,111.282
39729,109.9396
39730,107.8612
39731,110.4544
39732,79.6018
39733,77.8705
39734,78.3528
39735,82.3077
39736,80.1153
39737,83.7822
39738,77.6973
39739,83.7088
39740,92.6814
39741,104.4275
39742,94.0088
39743,88.6177
39744,100.3965
39745,93.2968
39746,87.0853
39747,83.7628
39748,89.5689
39749,88.0576
39750,78.9231
39751,78.366
39752,106.488
39753,99.7509
39754,94.0533
39755,90.0018
39756,69.6774
39757,79.4381
39758,86.9361
39759,90.7417
39760,92.8127
39761,74.4325
39762,70.8345
39763,64.4809
39764,86.4416
39765,87.5184
39766,79.5029
39767,71.986
39768,60.5759
39769,63.1044
39770,82.8746
39771,89.7403
39772,96.5432
39773,95.7505
39774,105.2796
39775,91.0162
39776,89.7206
39777,106.9451
39778,120.3911
39779,134.1032
39780,62.9934
39781,58.8015
39782,55.3611
39783,59.9531
39784,61.7658
39785,53.5266
39786,60.0724
39787,51.338
39788,54.4533
39789,61.8429
39790,55.1972
39791,45.5581
39792,47.4824
39793,43.8286
39794,44.6963
39795,37.319
39796,37.445
39797,39.1999
39798,37.0386
39799,39.0806
39800,45.0579
39801,44.6455
39802,47.1758
39803,47.1994
39804,113.3564
39805,120.8114
39806,122.7281
39807,124.7075
39808,128.472
39809,119.3688
39810,112.0348
39811,105.9097
39812,105.7822
39813,101.6161
39814,93.5306
39815,93.3144
39816,89.2486
39817,90.8986
39818,97.2312
39819,103.0708
39820,129.3569
39821,128.3259
39822,122.7906
39823,114.8236
39824,109.3898
39825,108.8455
39826,107.1849
39827,103.2875
39828,84.2528
39829,69.1925
39830,62.2447
39831,69.3549
39832,66.8986
39833,66.9309
39834,62.3436
39835,76.4485
39836,73.5693
39837,82.9708
39838,84.4762
39839,85.5747
39840,85.3373
39841,97.3799
39842,98.9463
39843,87.9483
39844,85.0639
39845,69.1202
39846,77.1561
39847,82.4454
39848,86.2051
39849,74.6234
39850,63.0586
39851,56.8649
39852,74.6632
39853,82.6722
39854,88.6344
39855,99.6425
39856,116.9509
39857,102.7113
39858,91.1657
39859,90.236
39860,89.5551
39861,82.581
39862,68.9895
39863,30.9827
39864,57.9182
39865,59.405
39866,53.45
39867,67.1263
39868,99.8939
39869,82.8323
39870,55.5456
39871,65.4395
39872,76.4154
39873,84.9787
39874,160.0101
39875,101.1886
39876,91.2241
39877,98.8727
39878,104.7669
39879,97.0821
39880,105.0688
39881,118.7257
39882,116.4564
39883,81.4013
39884,69.6731
39885,47.4771
39886,27.7468
39887,39.5348
39888,26.6408
39889,35.2705
39890,40.9369
39891,41.1821
39892,74.8523
39893,112.3806
39894,114.4054
39895,208.2073
39896,172.6594
39897,229.2807
39898,59.849
39899,61.1675
39900,57.292
39901,51.0145
39902,68.2089
39903,53.098
39904,42.5997
39905,33.8941
39906,26.5522
39907,26.7171
39908,32.3559
39909,46.3336
39910,31.0764
39911,31.1247
39912,18.7256
39913,15.1233
39914,14.3551
39915,17.4419
39916,31.0509
39917,65.1857
39918,50.5878
39919,47.7708
39920,55.1481
39921,56.3748
39922,56.5431
39923,57.0556
39924,49.4904
39925,58.9464
39926,53.8433
39927,55.8663
39928,60.7645
39929,60.385
39930,61.7447
39931,67.0766
39932,63.3986
39933,63.6838
39934,84.1991
39935,71.4318
39936,65.4011
39937,57.1329
39938,61.5958
39939,59.1129
39940,54.5568
39941,68.7515
39942,66.5745
39943,73.5741
39944,62.4979
39945,62.3351
39946,89.734
39947,96.7949
39948,110.4519
39949,111.975
39950,128.0392
39951,113.9823
39952,122.9439
39953,113.3472
39954,114.064
39955,131.4539
39956,130.319
39957,115.0963
39958,112.7857
39959,110.8482
39960,107.5648
39961,105.614
39962,115.5621
39963,119.8288
39964,124.9504
39965,114.5592
39966,114.0782
39967,93.9664
39968,95.1874
39969,94.0495
39970,59.7944
39971,69.4447
39972,58.5259
39973,49.6486
39974,44.8082
39975,36.538
39976,29.4316
39977,24.6267
39978,20.2651
39979,22.9126
39980,25.7807
39981,16.8136
39982,21.8171
39983,13.7203
39984,23.1255
39985,30.8233
39986,35.1299
39987,34.7787
39988,44.227
39989,54.4837
39990,56.0532
39991,50.64
39992,55.834
39993,54.057
39994,64.7597
39995,62.681
39996,62.213
39997,64.4211
39998,69.394
39999,67.3849
40000,55.2767
40001,67.1965
40002,66.3224
40003,64.6259
40004,62.4628
40005,62.7081
40006,60.0167
40007,53.8727
40008,71.3243
40009,72.9897
40010,65.6476
40011,55.4139
40012,63.0929
40013,62.6991
40014,62.8278
40015,63.7798
40016,65.254
40017,64.4662
40018,31.5128
40019,29.104
40020,54.105
40021,56.9914
40022,56.4679
40023,53.839
40024,60.1225
40025,58.8228
40026,60.5131
40027,56.9708
40028,64.0258
40029,55.4353
40030,41.6071
40031,28.4611
40032,29.9443
40033,36.6694
40034,59.5806
40035,50.362
40036,40.7453
40037,65.1782
40038,76.1768
40039,70.3937
40040,51.9326
40041,44.6764
40042,97.9457
40043,101.8597
40044,98.486
40045,100.0394
40046,105.7215
40047,95.5566
40048,97.9413
40049,93.5926
40050,95.6243
40051,92.458
40052,95.5666
40053,99.4195
40054,92.5765
40055,91.2221
40056,91.9584
40057,108.5994
40058,109.9142
40059,109.577
40060,113.1423
40061,110.4176
40062,128.2937
40063,129.0334
40064,126.5695
40065,126.5516
40066,69.8388
40067,71.6728
40068,75.4921
40069,69.7333
40070,77.7716
40071,60.5332
40072,84.7797
40073,60.405
40074,60.5721
40075,70.0767
40076,76.2588
40077,79.1523
40078,74.8486
40079,84.5645
40080,83.1385
40081,69.8945
40082,89.5932
40083,74.0441
40084,93.5653
40085,79.9684
40086,97.6621
40087,96.3308
40088,96.3683
40089,95.7609
40090,95.3744
40091,94.3737
40092,77.0482
40093,40.7092
40094,14.7846
40095,12.7257
40096,12.6363
40097,13.9812
40098,13.3082
40099,13.8764
40100,11.4066
40101,11.1465
40102,11.4499
40103,12.6459
40104,10.8978
40105,6.4876
40106,8.2866
40107,11.2917
40108,14.1622
40109,25.6445
40110,36.8384
40111,58.8016
40112,55.8755
40113,45.6528
40114,42.7932
40115,34.7653
40116,31.828
40117,42.8488
40118,41.3681
40119,64.3758
40120,54.569
40121,62.3948
40122,54.3041
40123,41.2933
40124,46.2902
40125,51.2779
40126,52.8426
40127,53.4875
40128,71.1426
40129,70.6578
40130,69.143
40131,70.2356
40132,70.2805
40133,69.2726
40134,73.822
40135,84.4623
40136,85.6687
40137,86.1385
40138,75.5089
40139,76.5436
40140,73.9996
40141,75.8537
40142,85.2111
40143,91.2633
40144,95.7501
40145,88.0932
40146,85.4715
40147,77.7454
40148,77.0837
40149,77.3827
40150,84.0065
40151,68.885
40152,74.2531
40153,90.1855
40154,87.8122
40155,91.748
40156,100.9797
40157,111.5658
40158,85.1008
40159,106.8802
40160,108.0746
40161,112.7913
40162,116.7162
40163,118.4655
40164,114.1108
40165,107.4062
40166,105.0313
40167,116.4592
40168,101.6161
40169,121.8319
40170,119.0804
40171,128.3061
40172,112.0222
40173,120.6582
40174,123.5415
40175,123.0138
40176,115.2983
40177,120.2864
40178,119.6572
40179,137.0604
40180,122.3342
40181,140.5691
40182,122.4939
40183,67.9356
40184,65.1597
40185,61.447
40186,57.2901
40187,46.4343
40188,44.1337
40189,52.5786
40190,41.2311
40191,32.9163
40192,55.9475
40193,57.1265
40194,59.9874
40195,45.8948
40196,24.2582
40197,38.314
40198,46.1076
40199,48.2518
40200,71.5112
40201,110.0098
40202,112.4639
40203,116.2716
40204,109.6682
40205,105.7653
40206,63.4246
40207,63.6015
40208,67.6778
40209,56.4561
40210,51.8645
40211,51.5154
40212,54.9892
40213,54.3561
40214,45.8276
40215,48.8756
40216,77.0129
40217,81.6475
40218,84.61
40219,88.4666
40220,79.7022
40221,99.8183
40222,104.0293
40223,85.2788
40224,105.9038
40225,111.5193
40226,110.1635
40227,90.0782
40228,88.7571
40229,91.2998
40230,272.244
40231,273.5968
40232,213.8396
40233,253.5046
40234,201.9294
40235,229.6564
40236,191.3364
40237,187.6852
40238,240.5676
40239,233.6106
40240,53.379
40241,36.5699
40242,28.2325
40243,18.4435
40244,12.5189
40245,12.5703
40246,9.2673
40247,9.8612
40248,11.2568
40249,13.5029
40250,17.6084
40251,14.185
40252,16.8272
40253,17.6302
40254,110.4622
40255,106.8904
40256,116.1752
40257,118.1339
40258,113.3642
40259,117.2534
40260,107.9081
40261,106.1888
40262,111.3931
40263,109.0816
40264,112.0046
40265,114.4117
40266,112.1485
40267,84.8929
40268,67.1183
40269,56.3697
40270,59.2007
40271,65.4864
40272,71.9087
40273,87.723
40274,96.5189
40275,127.2412
40276,138.0267
40277,138.3209
40278,23.559
40279,17.0224
40280,10.5512
40281,9.5103
40282,6.1083
40283,8.486
40284,19.008
40285,30.8801
40286,33.9386
40287,31.2621
40288,31.5881
40289,29.603
40290,25.3743
40291,23.758
40292,23.4444
40293,21.4952
40294,19.4101
40295,16.0379
40296,16.3073
40297,16.8136
40298,18.5238
40299,20.6312
40300,22.3704
40301,20.9546
40302,127.6637
40303,119.5497
40304,117.5875
40305,102.376
40306,90.0967
40307,82.9411
40308,78.4791
40309,67.7684
40310,75.9762
40311,64.4008
40312,59.0811
40313,50.495
40314,47.5787
40315,64.4035
40316,59.3805
40317,73.2244
40318,87.1716
40319,97.4629
40320,106.7856
40321,115.6621
40322,141.4544
40323,121.4375
40324,118.8369
40325,116.4653
40326,29.4891
40327,27.9839
40328,20.8339
40329,21.0868
40330,18.3593
40331,15.7385
40332,50.7966
40333,80.5896
40334,64.1466
40335,41.3088
40336,42.6124
40337,42.8835
40338,55.0064
40339,59.4295
40340,57.9353
40341,58.6772
40342,61.4124
40343,64.4298
40344,75.1335
40345,118.1993
40346,130.494
40347,133.143
40348,139.2235
40349,133.2627
40350,207.2641
40351,190.3417
40352,185.3743
40353,168.6383
40354,184.9658
40355,138.9614
40356,89.5909
40357,54.3514
40358,83.105
40359,62.1227
40360,51.037
40361,46.0634
40362,40.9405
40363,38.9635
40364,33.6735
40365,29.0884
40366,27.4384
40367,25.5786
40368,67.3498
40369,78.4888
40370,100.9215
40371,86.9068
40372,86.3108
40373,85.6539
40374,129.8444
40375,175.3875
40376,167.3806
40377,163.8627
40378,139.1511
40379,107.5431
40380,111.7802
40381,150.9949
40382,129.7943
40383,102.5119
40384,67.71
40385,62.7928
40386,50.5686
40387,43.7172
40388,45.7367
40389,45.5572
40390,45.4026
40391,62.5307
40392,77.3201
40393,82.0682
40394,133.1224
40395,147.0121
40396,157.7667
40397,179.7393
40398,30.6323
40399,21.3876
40400,18.9028
40401,16.4116
40402,12.4798
40403,12.1495
40404,11.1562
40405,10.7171
40406,12.6676
40407,14.3068
40408,15.0193
40409,14.1107
40410,14.1992
40411,15.0947
40412,17.757
40413,19.5484
40414,19.4999
40415,20.3892
40416,22.686
40417,24.7024
40418,27.0457
40419,28.2986
40420,28.2567
40421,27.8866
40422,140.5624
40423,161.5686
40424,155.1781
40425,140.1241
40426,63.7192
40427,69.2291
40428,83.6906
40429,69.3914
40430,64.8811
40431,46.6133
40432,41.5327
40433,42.2929
40434,48.9809
40435,45.6094
40436,47.7763
40437,57.9401
40438,59.3543
40439,66.9661
40440,75.9083
40441,79.114
40442,77.753
40443,86.6479
40444,102.2883
40445,135.8073
40446,73.8623
40447,84.174
40448,86.9101
40449,105.8347
40450,86.0069
40451,70.7761
40452,65.5049
40453,39.3452
40454,32.607
40455,31.9955
40456,25.191
40457,20.9012
40458,20.5211
40459,16.8255
40460,16.9719
40461,19.4716
40462,17.96
40463,18.3866
40464,21.8235
40465,44.9645
40466,45.9841
40467,55.7347
40468,50.4297
40469,57.0372
40470,102.4937
40471,82.5645
40472,91.4788
40473,66.1989
40474,70.9627
40475,70.4741
40476,50.8541
40477,47.8835
40478,44.2234
40479,40.8486
40480,37.2489
40481,28.9229
40482,27.6389
40483,28.2289
40484,23.7996
40485,22.4983
40486,23.0198
40487,53.6849
40488,64.8429
40489,70.4921
40490,80.9767
40491,118.8598
40492,113.717
40493,118.3346
40494,26.4129
40495,21.258
40496,18.7314
40497,19.8048
40498,17.3563
40499,15.8934
40500,15.9605
40501,16.4176
40502,16.8658
40503,18.23
40504,19.4865
40505,20.6263
40506,21.6391
40507,19.3157
40508,20.2796
40509,19.3261
40510,20.9728
40511,22.5398
40512,24.7493
40513,24.2135
40514,23.7374
40515,23.8573
40516,23.1366
40517,20.0497
40518,104.6284
40519,130.5517
40520,119.7176
40521,121.6643
40522,98.8223
40523,74.5511
40524,123.6878
40525,104.4429
40526,109.4737
40527,148.0956
40528,169.5294
40529,159.3555
40530,145.2368
40531,116.7857
40532,117.2776
40533,104.3808
40534,110.2545
40535,150.0195
40536,175.5594
40537,178.5346
40538,201.2477
40539,185.4439
40540,171.6462
40541,186.3075
40542,75.9885
40543,84.8355
40544,63.8102
40545,73.9545
40546,45.2968
40547,26.6158
40548,23.522
40549,24.2557
40550,25.7215
40551,22.1556
40552,21.497
40553,20.4288
40554,29.145
40555,27.0487
40556,23.602
40557,23.6775
40558,22.92
40559,63.166
40560,70.2531
40561,72.631
40562,71.6104
40563,73.7964
40564,77.3556
40565,90.6168
40566,197.0199
40567,224.0665
40568,219.5255
40569,210.5006
40570,234.5702
40571,244.4574
40572,248.189
40573,244.5822
40574,209.813
40575,215.1042
40576,210.0738
40577,175.9476
40578,170.6513
40579,135.3718
40580,166.8644
40581,97.2374
40582,103.4419
40583,161.0834
40584,231.0562
40585,245.8947
40586,271.4032
40587,284.565
40588,283.2517
40589,287.0685
40590,153.9908
40591,191.8352
40592,186.5808
40593,166.199
40594,174.0732
40595,148.0835
40596,163.0273
40597,142.5145
40598,144.0385
40599,153.6574
40600,149.9257
40601,127.0696
40602,137.6683
40603,125.4739
40604,148.1477
40605,144.6852
40606,145.9084
40607,134.931
40608,184.5424
40609,226.0445
40610,292.5582
40611,255.0064
40612,307.0622
40613,288.3529
40614,207.7063
40615,202.0605
40616,184.1599
40617,154.4653
40618,101.5982
40619,101.9181
40620,46.2755
40621,40.1869
40622,49.9448
40623,33.1853
40624,23.1802
40625,20.04
40626,13.7125
40627,25.6818
40628,32.7703
40629,34.6641
40630,34.6335
40631,42.7769
40632,44.2832
40633,66.5475
40634,160.5796
40635,182.9501
40636,216.8483
40637,211.907
40638,134.5519
40639,142.8627
40640,127.2348
40641,129.3069
40642,154.9444
40643,131.8592
40644,110.8308
40645,110.4639
40646,111.0405
40647,90.6899
40648,90.4379
40649,82.4464
40650,62.6842
40651,66.5562
40652,66.7999
40653,66.7137
40654,72.9583
40655,72.3021
40656,64.8361
40657,93.1263
40658,97.857
40659,109.0088
40660,131.5849
40661,147.2649
40662,129.3763
40663,126.2471
40664,110.7979
40665,89.6548
40666,70.674
40667,67.9822
40668,67.0737
40669,64.6203
40670,59.4705
40671,63.1439
40672,66.8294
40673,73.5097
40674,76.5153
40675,93.0901
40676,96.5947
40677,99.4451
40678,107.359
40679,108.5052
40680,94.6974
40681,147.6008
40682,161.2435
40683,161.5489
40684,165.3322
40685,168.5331
40686,160.3423
40687,173.0353
40688,170.936
40689,168.1567
40690,183.2759
40691,252.2811
40692,265.0192
40693,264.1534
40694,232.178
40695,215.3485
40696,224.9181
40697,200.3032
40698,193.6248
40699,189.5239
40700,229.2256
40701,217.0191
40702,220.534
40703,188.1502
40704,186.2358
40705,182.0189
40706,273.0806
40707,277.1916
40708,277.3635
40709,134.2799
40710,101.1349
40711,63.4576
40712,50.2161
40713,42.2105
40714,36.8423
40715,37.4209
40716,34.0702
40717,35.848
40718,34.4824
40719,34.9317
40720,32.5555
40721,48.7648
40722,52.0379
40723,51.593
40724,56.1328
40725,53.2865
40726,43.0899
40727,59.1333
40728,82.3084
40729,77.7955
40730,86.1505
40731,141.8641
40732,100.229
40733,24.7024
40734,21.7478
40735,20.9569
40736,19.7971
40737,20.6298
40738,20.5598
40739,25.2281
40740,23.9464
40741,28.554
40742,22.5937
40743,23.1733
40744,24.3145
40745,20.7344
40746,19.2047
40747,17.1898
40748,16.9651
40749,16.2942
40750,13.1155
40751,13.8292
40752,29.936
40753,37.5906
40754,41.9231
40755,49.3183
40756,66.6473
40757,30.8928
40758,27.4201
40759,24.3236
40760,21.4328
40761,27.8913
40762,37.4113
40763,28.5958
40764,40.3114
40765,30.5917
40766,21.2036
40767,23.6015
40768,18.7814
40769,19.485
40770,21.478
40771,25.9769
40772,30.8533
40773,32.3783
40774,35.6056
40775,40.5942
40776,43.2343
40777,46.1565
40778,47.8442
40779,44.4006
40780,29.1347
40781,15.6297
40782,13.2696
40783,13.2436
40784,11.437
40785,8.9588
40786,8.3585
40787,8.6056
40788,7.7728
40789,13.5556
40790,14.2042
40791,19.3657
40792,20.3528
40793,16.7965
40794,8.099
40795,15.5635
40796,13.763
40797,15.5034
40798,12.7491
40799,8.2763
40800,13.358
40801,24.1288
40802,28.4457
40803,41.5311
40804,37.5558
40805,220.6107
40806,231.6221
40807,220.1401
40808,217.2017
40809,206.7044
40810,206.7565
40811,215.7586
40812,211.8585
40813,216.2842
40814,203.9263
40815,206.1309
40816,200.5358
40817,176.1613
40818,152.2223
40819,150.411
40820,144.903
40821,138.9591
40822,143.7852
40823,116.9652
40824,145.4928
40825,159.8914
40826,160.6969
40827,173.9244
40828,163.7299
40829,104.1364
40830,93.9918
40831,96.1838
40832,85.9243
40833,85.7721
40834,19.9412
40835,21.38
40836,21.024
40837,27.9984
40838,28.6963
40839,34.2373
40840,34.1221
40841,28.4286
40842,27.8828
40843,28.9559
40844,25.2773
40845,19.4541
40846,18.4004
40847,15.881
40848,13.5982
40849,15.8466
40850,19.4121
40851,20.4514
40852,47.4436
40853,99.9127
40854,101.3259
40855,95.5995
40856,89.9645
40857,89.6871
40858,97.7717
40859,88.9452
40860,100.9649
40861,112.9185
40862,109.942
40863,111.1503
40864,111.0471
40865,108.6879
40866,109.6601
40867,84.9732
40868,63.5844
40869,64.412
40870,72.0627
40871,74.0114
40872,88.0956
40873,85.2084
40874,94.8086
40875,80.2959
40876,67.5711
40877,71.962
40878,66.9742
40879,65.6544
40880,57.7539
40881,84.2217
40882,108.6717
40883,106.6105
40884,104.8157
40885,114.1622
40886,105.7265
40887,142.6555
40888,137.8274
40889,146.9955
40890,146.3765
40891,151.6754
40892,150.2117
40893,145.4936
40894,147.1427
40895,144.125
40896,142.9896
40897,140.7393
40898,137.4152
40899,136.7215
40900,140.2542
40901,146.1676
40902,137.1627
40903,145.4977
40904,144.2647
40905,143.7173
40906,142.8888
40907,142.5986
40908,139.7849
40909,141.985
40910,136.7812
40911,158.5245
40912,167.3454
40913,174.0644
40914,169.0053
40915,164.4147
40916,152.3554
40917,147.2109
40918,142.5016
40919,142.746
40920,142.2403
40921,170.3844
40922,146.2687
40923,135.8672
40924,113.5693
40925,106.2658
40926,114.6319
40927,129.6081
40928,119.4032
40929,120.2818
40930,134.0054
40931,148.7549
40932,150.3019
40933,150.1347
40934,171.5934
40935,168.2557
40936,160.5038
40937,157.5639
40938,144.3373
40939,135.3124
40940,128.1058
40941,79.9153
40942,50.2777
40943,62.0817
40944,44.9096
40945,40.9666
40946,35.3589
40947,34.0423
40948,87.7901
40949,90.8714
40950,93.4376
40951,91.7838
40952,99.0006
40953,105.1594
40954,99.9648
40955,108.3498
40956,120.5993
40957,105.888
40958,112.8051
40959,110.5051
40960,112.1904
40961,95.2285
40962,92.1424
40963,88.6826
40964,83.9454
40965,80.8879
40966,80.9526
40967,76.4072
40968,73.7641
40969,71.9769
40970,72.8746
40971,75.2229
40972,66.9214
40973,69.8651
40974,68.0939
40975,70.7583
40976,71.1932
40977,76.6941
40978,74.565
40979,67.0853
40980,57.9421
40981,62.5622
40982,62.0108
40983,50.4921
40984,52.7038
40985,57.7917
40986,53.1063
40987,44.7518
40988,46.4074
40989,49.1974
40990,55.0485
40991,51.1502
40992,49.4593
40993,57.7722
40994,62.929
40995,59.0892
40996,115.3854
40997,108.8349
40998,108.3066
40999,115.885
41000,117.7162
41001,119.8365
41002,116.7725
41003,120.334
41004,120.4505
41005,125.0053
41006,125.2672
41007,128.6638
41008,125.4207
41009,106.4668
41010,63.4453
41011,63.187
41012,57.6373
41013,55.9826
41014,51.4386
41015,54.6203
41016,62.3357
41017,76.1254
41018,77.1575
41019,73.9969
41020,78.7307
41021,77.1392
41022,87.6814
41023,88.8639
41024,89.7304
41025,82.1016
41026,92.6745
41027,89.6085
41028,78.2114
41029,71.0083
41030,58.3087
41031,60.2308
41032,52.2412
41033,43.3702
41034,39.9674
41035,36.8329
41036,30.0077
41037,33.8548
41038,37.1006
41039,39.146
41040,44.0564
41041,75.4654
41042,49.7047
41043,60.8044
41044,85.2055
41045,98.658
41046,95.9878
41047,95.6207
41048,93.2919
41049,95.7426
41050,100.3967
41051,98.808
41052,92.9593
41053,80.7314
41054,77.3871
41055,50.8799
41056,42.5934
41057,34.7129
41058,44.202
41059,39.8049
41060,36.9433
41061,38.6666
41062,48.3456
41063,60.2757
41064,57.711
41065,62.722
41066,80.0913
41067,67.9413
41068,59.1683
41069,57.5409
41070,48.8055
41071,45.7628
41072,44.9942
41073,48.805
41074,42.3236
41075,52.4001
41076,31.0986
41077,36.9715
41078,27.1758
41079,20.4455
41080,28.4303
41081,24.4419
41082,28.4566
41083,20.1678
41084,27.9508
41085,28.0596
41086,51.9342
41087,56.416
41088,49.7914
41089,56.7211
41090,67.4455
41091,119.0374
41092,102.6434
41093,101.89
41094,99.776
41095,103.0825
41096,103.3689
41097,99.2021
41098,96.8346
41099,94.2469
41100,100.0412
41101,100.942
41102,103.9005
41103,96.5972
41104,93.0482
41105,103.5137
41106,103.86
41107,103.6362
41108,101.4146
41109,88.131
41110,90.5365
41111,92.3783
41112,96.02
41113,78.1685
41114,67.3845
41115,116.3712
41116,109.3816
41117,125.0318
41118,118.0612
41119,137.2341
41120,139.2571
41121,136.2017
41122,134.1491
41123,137.2384
41124,141.8293
41125,129.3942
41126,122.5855
41127,104.4697
41128,77.5295
41129,89.9531
41130,78.1393
41131,111.6245
41132,74.7269
41133,111.4452
41134,150.767
41135,134.9311
41136,133.5933
41137,132.8743
41138,106.7194
41139,125.9109
41140,128.5103
41141,129.6924
41142,132.0462
41143,134.1282
41144,165.6922
41145,161.3751
41146,156.7971
41147,171.7043
41148,159.4784
41149,151.4354
41150,155.4533
41151,131.8973
41152,131.229
41153,139.289
41154,134.8838
41155,134.9196
41156,134.5681
41157,136.4236
41158,158.3847
41159,147.888
41160,170.0094
41161,181.2476
41162,179.4915
41163,71.0366
41164,66.2073
41165,66.2202
41166,64.2824
41167,56.0521
41168,49.1498
41169,51.0884
41170,35.7434
41171,27.9234
41172,16.1964
41173,13.8238
41174,14.4652
41175,16.8184
41176,16.3667
41177,24.1238
41178,26.4801
41179,28.5916
41180,27.7054
41181,29.4081
41182,29.3843
41183,32.8858
41184,37.6383
41185,38.5841
41186,44.8905
41187,58.5371
41188,71.697
41189,78.035
41190,78.8626
41191,80.4243
41192,79.8052
41193,92.7215
41194,83.6987
41195,98.6281
41196,95.8125
41197,97.6998
41198,97.0661
41199,96.731
41200,93.1924
41201,105.9073
41202,104.972
41203,103.609
41204,100.904
41205,100.523
41206,109.285
41207,110.8611
41208,114.8148
41209,115.9187
41210,113.6685
41211,98.9033
41212,95.8194
41213,93.6214
41214,95.9912
41215,86.0033
41216,84.4085
41217,83.5155
41218,79.5005
41219,74.2914
41220,93.5653
41221,89.3325
41222,95.0001
41223,88.3395
41224,78.6223
41225,74.084
41226,73.1968
41227,59.3456
41228,68.1743
41229,52.2843
41230,49.896
41231,54.0583
41232,61.0873
41233,75.0218
41234,64.2587
41235,116.3796
41236,121.3997
41237,130.7882
41238,134.7489
41239,126.6188
41240,133.742
41241,133.7017
41242,129.9171
41243,137.331
41244,136.6383
41245,129.4772
41246,110.0264
41247,106.7203
41248,102.4593
41249,99.0319
41250,98.7554
41251,97.8021
41252,98.7824
41253,96.3471
41254,101.2547
41255,103.5805
41256,116.1858
41257,118.2247
41258,125.615
41259,65.6705
41260,63.2089
41261,61.3252
41262,62.955
41263,65.0958
41264,50.7117
41265,43.0181
41266,42.8321
41267,32.5807
41268,30.9002
41269,36.5385
41270,25.9133
41271,20.5206
41272,22.5975
41273,29.7246
41274,28.6093
41275,28.6429
41276,35.1812
41277,34.2211
41278,46.6483
41279,45.74
41280,48.0462
41281,49.6174
41282,51.5396
41283,40.0006
41284,42.77
41285,40.9765
41286,38.4532
41287,31.4661
41288,38.4869
41289,42.9277
41290,39.5834
41291,37.7652
41292,37.0837
41293,51.0921
41294,47.8571
41295,54.2196
41296,51.4308
41297,53.0056
41298,56.069
41299,48.2908
41300,50.3166
41301,45.7101
41302,49.8094
41303,55.3443
41304,29.3284
41305,39.3369
41306,42.6823
41307,67.5672
41308,79.808
41309,84.7128
41310,86.0501
41311,88.1755
41312,88.7462
41313,87.0497
41314,97.2735
41315,107.8538
41316,100.9718
41317,79.652
41318,77.6403
41319,89.4691
41320,88.9782
41321,89.3856
41322,89.4631
41323,77.7439
41324,74.2172
41325,87.23
41326,65.5616
41327,53.9532
41328,50.4514
41329,47.6092
41330,55.7021
41331,57.8747
41332,62.5757
41333,55.2359
41334,74.6211
41335,58.9717
41336,57.6397
41337,64.5104
41338,58.833
41339,54.8262
41340,60.3971
41341,52.5195
41342,34.5611
41343,51.6084
41344,52.3214
41345,52.607
41346,60.6942
41347,61.9243
41348,59.9211
41349,73.4641
41350,58.1232
41351,68.3624
41352,67.4689
41353,66.3425
41354,56.8669
41355,53.4472
41356,51.0122
41357,49.9782
41358,51.004
41359,54.1974
41360,41.5984
41361,53.2055
41362,43.908
41363,50.0633
41364,44.3977
41365,48.6367
41366,28.6335
41367,32.5885
41368,34.9107
41369,37.1786
41370,45.2043
41371,46.7693
41372,47.089
41373,61.5753
41374,85.9539
41375,64.8003
41376,57.1819
41377,58.6317
41378,77.856
41379,78.2186
41380,73.9199
41381,72.516
41382,74.4917
41383,76.1757
41384,72.6924
41385,79.6595
41386,73.6104
41387,75.5909
41388,85.3785
41389,87.8751
41390,80.319
41391,75.8657
41392,74.7542
41393,71.7728
41394,83.1315
41395,91.919
41396,89.6445
41397,108.1552
41398,93.9705
41399,97.7071
41400,99.7435
41401,94.4637
41402,63.1884
41403,60.8154
41404,57.6799
41405,57.867
41406,51.2033
41407,43.5749
41408,40.8121
41409,36.9066
41410,35.0872
41411,39.5438
41412,38.9152
41413,45.612
41414,32.6222
41415,44.1177
41416,37.2265
41417,28.0202
41418,30.2965
41419,31.883
41420,34.4959
41421,47.6731
41422,54.0313
41423,56.5439
41424,54.1349
41425,58.18
41426,87.1046
41427,94.8102
41428,91.1745
41429,99.5103
41430,97.905
41431,103.6219
41432,93.8578
41433,93.2951
41434,103.6163
41435,98.1374
41436,98.2758
41437,100.3726
41438,105.5741
41439,105.3967
41440,99.8995
41441,96.0211
41442,104.0542
41443,118.8508
41444,141.4661
41445,128.9326
41446,137.2986
41447,138.62
41448,137.435
41449,116.0951
41450,121.2709
41451,101.7635
41452,80.8037
41453,78.9831
41454,84.7844
41455,81.4594
41456,61.0041
41457,55.2756
41458,66.3375
41459,125.1275
41460,103.9409
41461,113.8561
41462,105.8626
41463,116.6516
41464,160.5363
41465,137.8488
41466,159.5782
41467,149.8749
41468,143.7018
41469,142.4211
41470,181.8215
41471,169.5498
41472,134.48
41473,130.138
41474,258.51
41475,283.1802
41476,273.0387
41477,278.7677
41478,244.9596
41479,247.3534
41480,233.5686
41481,238.7929
41482,270.7651
41483,287.9731
41484,278.6387
41485,263.5254
41486,270.0092
41487,268.5221
41488,287.3216
41489,298.0768
41490,291.5225
41491,289.2115
41492,318.6928
41493,325.8178
41494,349.3024
41495,340.7998
41496,338.8591
41497,345.9668
41498,98.0805
41499,73.4975
41500,86.394
41501,93.6876
41502,75.5522
41503,71.6616
41504,81.4354
41505,82.9165
41506,77.3977
41507,67.1466
41508,59.5142
41509,39.4073
41510,39.8371
41511,41.4058
41512,40.8355
41513,38.3664
41514,37.7427
41515,36.3345
41516,45.9132
41517,52.555
41518,59.1518
41519,61.0098
41520,106.5968
41521,113.2312
41522,139.7075
41523,145.5002
41524,127.5596
41525,133.9751
41526,146.163
41527,142.6775
41528,141.1065
41529,133.5662
41530,131.8224
41531,116.9781
41532,133.8277
41533,148.8391
41534,153.0255
41535,151.0918
41536,155.045
41537,168.9569
41538,169.178
41539,162.0927
41540,170.7115
41541,177.7341
41542,207.9971
41543,216.6909
41544,206.7945
41545,213.3007
41546,171.7241
41547,172.7641
41548,166.9571
41549,143.7488
41550,171.6953
41551,167.0328
41552,180.8692
41553,168.7597
41554,153.5156
41555,133.239
41556,148.9558
41557,139.4524
41558,140.4005
41559,159.5121
41560,151.6213
41561,167.2884
41562,155.2952
41563,167.7577
41564,169.5629
41565,187.2381
41566,177.8372
41567,181.8005
41568,180.9791
41569,185.8296
41570,56.2893
41571,53.631
41572,38.8101
41573,53.4878
41574,35.1304
41575,26.132
41576,24.7908
41577,22.7529
41578,27.1115
41579,25.5905
41580,20.808
41581,15.7228
41582,13.3635
41583,9.5882
41584,9.2881
41585,7.8241
41586,10.6736
41587,42.8512
41588,44.3805
41589,58.9515
41590,65.2372
41591,66.7669
41592,71.2086
41593,25.7403
41594,18.6107
41595,48.3837
41596,30.7805
41597,38.5494
41598,76.9632
41599,53.3167
41600,79.5476
41601,81.8405
41602,50.1473
41603,43.0263
41604,28.4634
41605,26.629
41606,26.3188
41607,25.8787
41608,26.0037
41609,22.2128
41610,43.8321
41611,49.0531
41612,58.9086
41613,56.2133
41614,57.9567
41615,79.5685
41616,313.0218
41617,301.2767
41618,306.8597
41619,294.3673
41620,306.2285
41621,281.4743
41622,276.9364
41623,264.3703
41624,269.8169
41625,272.2249
41626,295.1465
41627,291.1001
41628,262.972
41629,254.7048
41630,245.3837
41631,226.8361
41632,223.2523
41633,219.1968
41634,278.5879
41635,282.535
41636,299.5441
41637,321.8352
41638,290.7814
41639,270.6016
41640,91.8496
41641,55.2826
41642,33.2728
41643,17.3123
41644,12.1833
41645,14.696
41646,13.7675
41647,15.4087
41648,17.1318
41649,22.524
41650,22.5671
41651,20.9679
41652,21.3685
41653,23.6658
41654,22.6805
41655,26.356
41656,53.8764
41657,55.1294
41658,65.5249
41659,63.982
41660,59.3426
41661,14.5224
41662,11.4062
41663,10.7907
41664,10.208
41665,7.7887
41666,6.9319
41667,23.8928
41668,16.7375
41669,19.4032
41670,19.004
41671,18.663
41672,19.4271
41673,19.4119
41674,16.4321
41675,15.8646
41676,14.235
41677,14.2527
41678,15.4222
41679,14.905
41680,14.9023
41681,40.4302
41682,45.9697
41683,34.6505
41684,21.4609
41685,17.7994
41686,16.6473
41687,15.7909
41688,13.6199
41689,11.3067
41690,10.0831
41691,10.1334
41692,10.2587
41693,15.2746
41694,40.3837
41695,45.6615
41696,53.1267
41697,39.5981
41698,33.2604
41699,25.5049
41700,26.2925
41701,44.9451
41702,62.742
41703,74.2503
41704,72.8365
41705,68.2741
41706,34.687
41707,30.3292
41708,29.7036
41709,148.2131
41710,191.5996
41711,181.2502
41712,171.5556
41713,142.2292
41714,112.451
41715,94.9155
41716,108.3455
41717,110.3933
41718,94.8568
41719,125.0991
41720,133.7851
41721,151.5772
41722,168.5155
41723,206.7151
41724,222.1039
41725,225.2312
41726,272.8171
41727,281.3707
41728,291.0723
41729,280.3625
41730,294.5395
41731,304.1944
41732,307.6958
41733,53.6953
41734,41.5275
41735,34.7259
41736,53.1722
41737,29.8538
41738,73.2088
41739,103.3433
41740,83.2672
41741,86.1316
41742,52.1255
41743,53.2334
41744,63.3238
41745,60.7805
41746,50.7168
41747,69.2048
41748,64.911
41749,87.4686
41750,112.3096
41751,135.2298
41752,192.7943
41753,198.9514
41754,192.9784
41755,181.793
41756,192.0122
